DateId,SMALL LoPRIOR,ME1 PRIOR2,SMALL HiPRIOR,BIG LoPRIOR,ME2 PRIOR2,BIG HiPRIOR
192701,111,78,42,31,110,100
192702,118,77,39,25,113,104
192703,114,85,43,31,109,102
192704,111,81,46,35,113,99
192705,119,73,49,29,123,99
192706,112,77,52,37,121,97
192707,111,76,56,38,123,93
192708,106,75,56,41,120,91
192709,113,71,61,37,128,89
192710,111,78,57,39,122,93
192711,117,79,53,35,123,98
192712,119,73,57,33,129,95
192801,113,82,59,40,122,94
192802,114,82,54,40,123,99
192803,109,87,57,46,120,98
192804,104,83,65,51,123,89
192805,113,80,62,43,127,94
192806,104,80,73,55,130,84
192807,107,77,76,52,134,82
192808,108,79,75,50,133,83
192809,109,78,78,52,134,82
192810,104,87,77,59,130,85
192811,104,90,74,58,125,88
192812,107,94,68,57,122,95
192901,114,84,71,50,134,92
192902,127,85,60,37,134,104
192903,125,91,53,40,127,110
192904,120,85,62,44,133,101
192905,133,87,53,33,132,112
192906,140,84,50,27,138,116
192907,139,86,42,27,135,124
192908,142,92,39,25,131,128
192909,140,95,41,28,128,127
192910,145,102,35,26,125,136
192911,140,100,33,26,123,133
192912,144,101,30,28,129,142
193001,149,101,32,25,131,142
193002,150,102,32,27,135,145
193003,144,105,37,34,133,141
193004,140,107,43,39,132,136
193005,144,112,43,40,132,141
193006,144,112,52,42,135,134
193007,143,108,50,39,136,132
193008,142,114,58,46,137,130
193009,145,105,61,45,148,129
193010,142,123,55,50,132,137
193011,142,110,58,48,145,132
193012,144,121,61,51,139,134
193101,137,124,67,61,139,131
193102,156,125,50,43,141,149
193103,151,128,56,49,141,144
193104,161,114,63,42,157,140
193105,157,126,58,46,147,145
193106,161,125,58,44,148,147
193107,142,125,67,60,146,135
193108,152,129,63,60,143,144
193109,140,128,70,63,144,133
193110,138,123,71,64,148,131
193111,138,120,80,66,153,124
193112,148,109,77,54,161,125
193201,130,126,81,74,144,120
193202,142,124,72,62,147,132
193203,139,134,66,65,138,138
193204,148,129,60,55,142,143
193205,133,138,63,67,128,137
193206,137,142,56,65,128,146
193207,125,138,68,75,129,131
193208,130,135,68,72,135,134
193209,124,129,78,81,133,122
193210,110,114,106,90,155,93
193211,125,122,89,77,147,113
193212,128,120,87,77,146,115
193301,118,118,95,82,148,105
193302,135,127,72,68,142,130
193303,138,120,77,63,148,124
193304,145,114,75,56,154,126
193305,138,108,81,61,156,118
193306,135,122,73,66,145,124
193307,90,120,119,108,143,79
193308,89,114,131,111,152,69
193309,102,121,108,97,144,90
193310,95,126,117,106,141,83
193311,103,125,108,97,141,91
193312,107,122,106,93,143,93
193401,101,121,114,99,144,85
193402,104,127,104,97,139,96
193403,74,131,127,126,136,71
193404,77,125,131,121,139,67
193405,63,131,140,136,135,58
193406,110,118,110,90,148,89
193407,141,113,83,59,154,117
193408,146,115,73,56,148,126
193409,142,131,61,64,128,138
193410,132,127,78,70,142,124
193411,134,113,88,67,154,112
193412,132,114,91,69,153,110
193501,128,108,100,74,160,102
193502,146,119,72,56,149,129
193503,153,125,56,47,142,144
193504,151,126,54,47,139,144
193505,164,126,48,38,143,154
193506,155,122,56,45,147,144
193507,157,122,56,44,146,145
193508,155,104,73,42,158,124
193509,153,105,76,46,159,123
193510,143,105,87,57,161,112
193511,138,106,88,62,158,111
193512,142,104,85,57,160,114
193601,126,107,99,79,155,100
193602,123,105,102,76,160,96
193603,85,121,120,112,142,77
193604,77,130,116,119,131,80
193605,76,133,121,124,133,79
193606,88,125,117,112,141,83
193607,80,127,123,120,139,77
193608,93,122,117,107,145,83
193609,101,122,106,100,146,95
193610,104,127,105,99,143,98
193611,92,132,108,109,136,93
193612,110,126,100,93,144,102
193701,101,128,106,105,142,98
193702,115,124,92,89,147,111
193703,113,116,105,93,156,100
193704,123,106,102,82,165,102
193705,109,112,116,98,165,91
193706,118,113,106,89,164,101
193707,114,118,105,95,158,103
193708,125,120,97,84,159,112
193709,122,118,100,88,161,110
193710,125,118,98,85,162,112
193711,144,110,86,66,171,124
193712,160,115,74,53,170,139
193801,167,120,60,45,164,152
193802,187,123,46,29,164,170
193803,179,131,47,37,158,169
193804,188,132,42,32,156,175
193805,179,150,35,41,142,184
193806,178,141,48,42,153,172
193807,168,143,54,53,152,167
193808,170,143,52,51,153,169
193809,170,146,56,53,152,167
193810,160,143,69,65,154,154
193811,168,143,59,56,154,164
193812,146,142,83,78,156,140
193901,132,141,95,90,154,127
193902,159,132,79,64,167,144
193903,162,132,76,61,164,147
193904,136,131,102,86,165,120
193905,166,126,80,58,173,143
193906,162,127,85,64,172,140
193907,176,126,71,47,172,152
193908,177,132,62,46,168,161
193909,176,130,65,47,167,158
193910,162,127,80,61,169,142
193911,145,122,100,78,172,121
193912,138,128,103,84,167,118
194001,139,134,93,82,161,128
194002,148,128,93,73,167,128
194003,146,137,87,76,159,135
194004,137,121,111,86,174,111
194005,139,119,112,84,177,110
194006,136,113,122,86,182,100
194007,131,130,110,91,168,112
194008,146,129,99,78,170,125
194009,144,126,103,79,172,120
194010,173,114,84,51,184,139
194011,168,125,78,56,173,145
194012,164,113,96,60,187,128
194101,148,113,112,76,187,112
194102,153,116,103,72,186,122
194103,152,112,109,73,189,116
194104,158,110,105,68,192,121
194105,156,117,101,70,185,124
194106,144,113,117,84,189,109
194107,141,124,110,87,178,116
194108,140,124,114,87,180,113
194109,124,124,129,105,178,98
194110,130,123,124,99,180,104
194111,146,111,121,82,194,107
194112,148,113,118,81,191,111
194201,145,116,121,86,190,108
194202,168,127,86,62,180,144
194203,142,124,116,88,184,114
194204,135,128,122,96,181,109
194205,138,125,121,94,183,110
194206,132,127,126,101,181,106
194207,150,112,122,81,197,109
194208,169,108,108,63,201,123
194209,163,113,109,70,195,123
194210,159,119,109,74,197,117
194211,145,115,127,88,194,105
194212,128,125,134,105,184,98
194301,101,144,141,131,164,91
194302,140,147,100,93,163,132
194303,119,136,132,113,174,100
194304,107,149,133,126,161,100
194305,95,143,149,138,168,83
194306,84,150,154,149,160,79
194307,71,157,159,161,153,73
194308,81,147,159,153,163,74
194309,80,148,158,153,162,75
194310,90,144,153,144,167,80
194311,96,140,152,137,170,81
194312,84,136,168,150,174,64
194401,84,131,170,147,178,61
194402,99,141,148,133,167,84
194403,112,125,148,120,183,84
194404,118,128,139,114,181,93
194405,128,130,129,104,180,103
194406,133,134,117,98,175,114
194407,119,141,123,113,166,108
194408,97,149,139,137,161,93
194409,84,151,151,150,161,82
194410,96,141,149,138,170,84
194411,94,136,155,140,176,78
194412,78,148,160,157,165,74
194501,89,138,157,147,173,77
194502,82,159,145,154,155,90
194503,77,159,151,159,157,85
194504,77,153,157,159,163,79
194505,86,150,153,151,167,84
194506,94,148,149,143,168,88
194507,107,140,142,130,177,95
194508,83,165,142,155,152,96
194509,93,159,138,146,159,100
194510,100,150,142,139,170,97
194511,99,151,143,141,169,96
194512,89,153,150,151,167,89
194601,90,157,147,150,162,93
194602,88,161,147,155,161,95
194603,92,162,143,150,160,98
194604,89,158,152,153,165,90
194605,106,155,140,139,169,103
194606,112,148,140,134,177,104
194607,116,150,135,130,176,109
194608,117,151,135,129,176,110
194609,118,152,132,128,175,113
194610,126,155,121,119,172,124
194611,155,144,104,91,185,142
194612,166,147,92,81,183,155
194701,167,148,90,81,182,157
194702,178,153,81,74,181,169
194703,179,151,82,72,184,169
194704,175,151,88,77,186,164
194705,189,142,85,65,196,169
194706,195,149,75,61,192,181
194707,193,161,68,63,181,188
194708,192,170,67,67,175,192
194709,188,171,74,73,176,187
194710,182,157,96,79,193,165
194711,178,153,103,84,196,159
194712,181,149,108,83,202,155
194801,173,157,110,92,195,155
194802,184,156,101,82,198,165
194803,183,154,105,83,202,161
194804,184,152,107,84,205,161
194805,179,156,108,89,200,160
194806,163,160,124,106,198,144
194807,162,168,118,110,191,152
194808,173,168,108,98,192,163
194809,175,159,117,97,204,155
194810,181,151,120,91,212,152
194811,187,158,108,85,206,164
194812,191,151,112,84,215,162
194901,178,157,121,97,211,154
194902,204,164,90,73,205,187
194903,201,148,109,77,221,168
194904,202,168,92,77,203,187
194905,187,177,99,93,195,181
194906,196,176,91,84,197,189
194907,204,175,88,77,199,193
194908,208,177,85,73,199,196
194909,204,178,89,78,198,192
194910,208,171,95,75,206,188
194911,199,176,96,83,202,186
194912,197,164,112,86,213,171
195001,178,170,124,105,206,159
195002,187,169,119,96,208,164
195003,173,170,136,111,210,148
195004,183,173,125,102,207,160
195005,174,195,114,112,187,172
195006,152,193,137,135,189,149
195007,153,193,137,134,189,149
195008,164,183,138,123,201,148
195009,130,199,156,158,184,132
195010,135,199,153,154,186,136
195011,150,192,145,139,193,144
195012,137,194,157,153,193,132
195101,148,194,144,141,191,145
195102,146,192,147,143,193,142
195103,135,214,136,154,172,153
195104,133,200,153,157,187,137
195105,142,205,139,148,183,151
195106,141,206,142,150,183,149
195107,138,200,150,154,190,142
195108,169,203,119,125,190,175
195109,179,195,117,117,197,178
195110,177,193,121,119,201,174
195111,178,186,127,118,208,168
195112,179,186,126,116,207,169
195201,190,184,117,106,210,178
195202,213,182,99,84,213,198
195203,209,187,97,88,209,200
195204,203,192,100,94,205,197
195205,204,196,96,94,202,202
195206,205,192,99,94,206,199
195207,203,182,113,96,217,186
195208,198,180,122,101,219,177
195209,206,175,119,93,225,180
195210,214,176,110,86,224,190
195211,206,173,119,94,226,181
195212,201,187,111,100,214,190
195301,194,193,113,107,209,188
195302,205,178,117,97,224,185
195303,179,192,129,123,210,173
195304,164,191,144,137,210,157
195305,173,174,152,128,229,149
195306,162,183,154,138,217,146
195307,154,179,166,148,221,135
195308,164,178,155,136,223,145
195309,181,172,142,119,228,158
195310,186,177,138,116,225,163
195311,187,181,134,115,221,168
195312,193,179,130,109,223,171
195401,199,175,130,103,228,172
195402,212,191,102,90,212,200
195403,222,189,94,81,214,209
195404,229,183,94,74,221,209
195405,231,182,95,72,223,208
195406,226,193,89,78,211,215
195407,237,174,98,67,232,206
195408,221,188,99,83,218,205
195409,223,172,115,81,234,189
195410,199,178,131,105,227,173
195411,198,178,131,105,227,172
195412,179,195,135,125,211,169
195501,163,208,135,141,197,169
195502,154,211,141,150,193,163
195503,147,212,146,156,192,157
195504,144,200,159,158,202,143
195505,129,198,174,173,205,128
195506,132,204,163,170,198,138
195507,132,204,165,170,199,137
195508,148,195,158,154,207,143
195509,161,188,151,140,214,150
195510,166,185,147,134,215,153
195511,168,182,150,132,219,150
195512,157,181,161,144,220,140
195601,182,179,138,119,222,163
195602,192,180,129,110,222,173
195603,195,172,134,107,231,168
195604,192,180,129,110,222,173
195605,191,181,127,111,223,175
195606,183,190,126,119,213,176
195607,183,185,131,119,218,171
195608,191,190,117,111,214,185
195609,193,188,117,109,215,185
195610,200,180,116,102,222,185
195611,190,181,127,112,221,174
195612,191,171,136,111,232,166
195701,188,177,133,114,227,169
195702,197,179,120,105,223,182
195703,188,183,124,114,220,178
195704,181,172,144,122,232,159
195705,177,188,131,126,215,172
195706,184,182,130,119,221,173
195707,179,191,124,123,211,177
195708,172,187,140,130,217,162
195709,176,183,136,126,219,165
195710,184,177,138,119,227,165
195711,181,184,135,122,220,168
195712,184,185,127,118,217,175
195801,192,189,115,110,213,187
195802,203,195,100,99,209,202
195803,195,194,108,107,209,194
195804,186,203,106,115,198,195
195805,184,200,113,118,204,189
195806,183,201,118,121,205,186
195807,183,207,114,121,198,190
195808,187,198,122,118,210,183
195809,194,185,128,111,223,177
195810,203,155,148,102,252,157
195811,175,165,166,130,241,138
195812,160,176,173,146,233,133
195901,143,188,180,163,221,126
195902,178,174,162,129,235,145
195903,152,187,173,154,220,133
195904,145,193,171,160,214,134
195905,140,194,173,165,213,132
195906,147,199,162,158,209,143
195907,145,207,153,161,201,153
195908,150,201,154,156,206,152
195909,156,191,156,150,217,150
195910,170,180,155,137,228,152
195911,158,192,152,148,215,154
195912,170,190,142,136,219,164
196001,162,191,148,144,218,158
196002,178,190,133,129,218,174
196003,167,188,147,140,220,160
196004,180,195,129,128,215,178
196005,183,194,131,125,217,177
196006,170,214,124,138,197,184
196007,184,205,120,125,208,189
196008,185,206,117,124,207,192
196009,190,208,110,119,205,199
196010,188,212,106,122,201,204
196011,193,198,117,118,216,193
196012,198,204,106,113,211,205
196101,202,202,100,109,212,210
196102,223,189,91,88,225,219
196103,221,187,97,90,228,214
196104,222,179,104,90,238,208
196105,208,171,130,105,245,183
196106,191,195,127,123,224,187
196107,180,194,142,135,225,173
196108,194,183,143,122,238,173
196109,206,183,134,111,240,183
196110,219,180,126,100,245,192
196111,197,207,121,122,217,197
196112,194,214,119,124,211,199
196201,180,203,141,137,221,176
196202,197,184,146,122,241,173
196203,178,203,149,141,221,170
196204,197,189,145,122,235,174
196205,203,183,142,117,243,177
196206,205,190,132,115,236,187
196207,209,178,138,111,246,181
196208,197,177,150,123,249,169
196209,177,194,156,143,232,166
196210,172,193,167,150,237,157
196211,184,181,168,141,252,158
196212,196,185,156,130,249,172
196301,205,183,150,121,251,178
196302,218,209,111,109,228,217
196303,214,200,126,115,238,203
196304,205,198,135,122,239,193
196305,219,191,130,110,247,199
196306,212,192,135,117,246,193
196307,210,179,153,119,260,176
196308,644,336,297,117,287,189
196309,664,340,266,115,276,204
196310,664,336,274,119,276,198
196311,596,335,335,127,281,186
196312,594,334,343,122,279,194
196401,552,344,364,141,281,175
196402,622,331,318,119,275,202
196403,587,348,330,118,289,191
196404,563,361,349,124,285,188
196405,538,379,366,153,258,187
196406,541,371,371,136,262,200
196407,568,363,349,132,272,199
196408,587,374,321,127,272,202
196409,568,362,360,136,280,187
196410,575,363,346,144,272,186
196411,574,367,351,139,270,191
196412,554,372,370,141,283,180
196501,516,345,432,153,280,174
196502,557,355,383,147,280,185
196503,543,354,396,156,268,184
196504,516,378,403,150,273,186
196505,504,375,429,159,269,184
196506,470,396,444,173,276,163
196507,457,375,475,180,270,168
196508,488,382,448,174,268,181
196509,479,399,442,174,267,184
196510,480,394,440,177,272,177
196511,476,419,417,175,260,194
196512,418,474,429,188,244,191
196601,391,443,476,193,252,179
196602,386,472,461,203,236,189
196603,354,466,506,208,244,175
196604,326,485,517,210,243,177
196605,329,468,527,213,224,194
196606,301,503,524,220,233,180
196607,293,514,520,214,230,192
196608,299,514,521,213,232,190
196609,311,486,539,213,236,186
196610,342,433,562,190,257,191
196611,385,427,527,171,266,199
196612,525,401,417,149,264,222
196701,530,407,389,132,269,236
196702,598,436,305,119,261,259
196703,615,398,332,133,273,235
196704,555,434,356,149,258,229
196705,582,396,363,145,264,224
196706,522,390,435,146,277,209
196707,489,402,450,161,264,212
196708,416,413,512,174,269,196
196709,347,425,572,204,253,179
196710,321,451,575,202,255,174
196711,242,423,673,227,247,159
196712,222,423,689,244,230,160
196801,232,452,650,228,227,174
196802,239,435,647,213,236,172
196803,224,384,715,231,244,144
196804,261,374,686,213,263,145
196805,264,395,656,219,252,154
196806,244,417,656,217,253,155
196807,261,407,650,220,244,152
196808,284,395,623,208,258,153
196809,294,382,632,199,275,143
196810,335,346,631,192,287,141
196811,320,380,618,199,271,146
196812,314,395,612,214,260,142
196901,381,376,563,204,267,146
196902,402,354,559,189,267,161
196903,356,379,585,198,252,161
196904,370,360,589,190,266,160
196905,440,349,542,182,259,172
196906,537,376,417,145,272,200
196907,542,362,433,143,273,201
196908,603,369,372,114,281,219
196909,661,398,290,109,261,249
196910,653,430,267,111,253,255
196911,662,430,268,110,252,263
196912,639,441,285,99,256,274
197001,720,403,250,94,255,280
197002,773,391,221,81,254,292
197003,719,428,252,105,247,282
197004,748,443,221,101,239,294
197005,751,468,208,98,249,283
197006,816,445,178,94,246,290
197007,813,458,170,98,247,291
197008,768,473,211,96,260,281
197009,825,445,193,100,271,270
197010,810,451,202,104,278,270
197011,800,449,220,99,282,271
197012,794,442,235,99,293,263
197101,785,458,234,110,284,259
197102,862,397,222,105,291,258
197103,775,415,305,132,296,228
197104,715,422,363,143,293,222
197105,594,438,471,151,307,199
197106,567,491,442,167,279,216
197107,562,495,445,184,264,212
197108,581,466,458,176,287,203
197109,594,480,431,166,274,229
197110,707,459,354,146,285,239
197111,667,440,427,149,292,227
197112,602,484,452,163,276,236
197201,644,480,419,139,286,250
197202,756,410,375,109,315,258
197203,697,430,423,140,306,241
197204,652,479,411,142,289,259
197205,661,454,439,134,288,266
197206,628,463,466,155,291,249
197207,610,484,466,162,284,250
197208,607,505,449,161,287,256
197209,604,504,459,161,286,257
197210,668,489,419,152,290,263
197211,648,507,423,151,290,268
197212,661,498,429,144,308,260
197301,741,462,397,130,321,268
197302,891,453,263,99,309,312
197303,846,498,275,117,305,297
197304,857,518,248,115,300,304
197305,845,568,218,107,296,318
197306,807,610,216,120,292,308
197307,842,604,183,109,295,317
197308,842,602,190,122,287,318
197309,816,585,242,113,311,305
197310,831,574,247,124,311,297
197311,872,537,252,124,306,304
197312,797,570,305,117,321,294
197401,1676,1330,780,141,368,402
197402,1927,1249,629,132,372,397
197403,1834,1268,709,180,365,348
197404,1837,1232,744,192,364,335
197405,1699,1252,854,194,371,322
197406,1519,1367,892,222,358,305
197407,1463,1325,965,213,380,291
197408,1519,1248,963,201,362,324
197409,1453,1260,977,213,375,297
197410,1272,1227,1143,220,380,294
197411,1282,1205,1151,251,364,283
197412,1443,1148,998,243,366,290
197501,1282,1076,1202,249,370,273
197502,1513,1149,884,179,359,341
197503,1515,1128,906,231,361,284
197504,1585,1150,837,208,362,303
197505,1635,1087,855,215,374,282
197506,1630,1101,852,220,375,273
197507,1679,1038,866,208,394,258
197508,1718,954,901,221,382,257
197509,1522,1062,979,219,384,252
197510,1591,1020,924,201,390,265
197511,1318,1151,1056,253,369,242
197512,1374,1163,976,253,375,228
197601,1296,1163,1040,285,350,220
197602,1405,1026,982,200,399,257
197603,1478,1019,1009,269,364,221
197604,1250,1110,1120,294,339,220
197605,1252,1079,1188,301,358,191
197606,1214,1084,1202,272,373,203
197607,1209,1096,1226,259,369,215
197608,1518,1059,961,244,362,239
197609,1373,964,979,242,379,206
197610,1535,975,1033,239,383,229
197611,1374,1036,1132,268,367,205
197612,1301,1019,1217,265,369,220
197701,1302,1036,1212,280,369,198
197702,1263,1017,1174,252,365,226
197703,1243,1138,1164,236,361,239
197704,1235,1026,1247,233,383,226
197705,1218,1039,1291,245,370,232
197706,1181,1134,1247,261,350,232
197707,1012,1171,1389,268,355,220
197708,1069,1154,1343,283,366,197
197709,847,1047,1431,288,366,189
197710,857,994,1723,293,367,185
197711,857,1010,1686,293,364,180
197712,772,979,1830,293,352,185
197801,894,946,1731,291,370,165
197802,983,922,1598,253,360,211
197803,907,936,1696,261,387,179
197804,811,931,1771,271,382,173
197805,822,1019,1696,276,391,157
197806,818,1103,1601,273,387,166
197807,695,1080,1723,285,375,167
197808,725,1056,1711,268,376,180
197809,817,1120,1533,276,370,177
197810,736,1162,1565,294,358,167
197811,712,1136,1600,302,365,166
197812,908,906,1635,203,376,246
197901,959,956,1524,213,398,221
197902,1078,1027,1329,189,375,253
197903,1128,1023,1265,197,390,228
197904,1159,893,1357,182,366,260
197905,1147,966,1307,190,377,245
197906,1179,947,1293,187,380,245
197907,1210,1003,1184,198,360,259
197908,1183,974,1231,198,362,256
197909,1302,1031,1055,170,370,274
197910,1389,1017,997,174,374,269
197911,1231,1095,1093,244,337,235
197912,1211,1088,1114,197,362,265
198001,1289,1097,1013,203,348,274
198002,1259,1099,1014,186,346,296
198003,1177,1127,1064,210,318,298
198004,1002,1232,1134,216,308,302
198005,1303,1026,1040,153,336,327
198006,1349,1018,996,150,358,308
198007,1377,1020,967,153,358,312
198008,1313,1009,1054,147,348,315
198009,1354,973,1031,157,346,313
198010,1230,1027,1090,170,344,301
198011,1115,1084,1153,193,342,285
198012,990,1134,1226,208,328,284
198101,1068,1155,1126,198,319,309
198102,1347,988,1038,160,359,300
198103,1391,960,1018,182,348,284
198104,1206,1048,1124,213,331,264
198105,1185,1070,1113,223,335,257
198106,1138,1037,1213,228,338,244
198107,1125,1079,1210,219,355,233
198108,1112,1014,1306,212,356,240
198109,1285,944,1212,193,365,259
198110,1354,944,1158,194,347,276
198111,1461,1094,945,183,343,289
198112,1340,1277,887,222,331,267
198201,1456,1124,952,214,351,258
198202,1547,1029,981,193,347,282
198203,1430,1170,988,208,335,272
198204,1428,1167,1020,211,332,264
198205,1556,1184,917,194,336,271
198206,1618,1158,917,207,331,266
198207,1632,1156,946,189,338,270
198208,1590,1290,896,193,324,277
198209,1561,1356,896,202,331,257
198210,1699,1276,809,191,348,259
198211,1684,1267,851,192,339,264
198212,1725,1174,919,196,330,270
198301,1680,1086,1063,194,343,260
198302,1667,1132,1023,187,334,270
198303,1624,966,1229,202,337,259
198304,1542,966,1294,211,326,265
198305,1467,1057,1282,216,330,255
198306,1438,1129,1219,219,339,247
198307,1273,1029,1457,217,350,242
198308,1283,1052,1442,215,352,233
198309,985,1086,1687,236,357,203
198310,1116,1062,1578,234,353,203
198311,1181,952,1613,239,363,186
198312,1381,958,1457,226,356,213
198401,1421,1005,1385,233,362,211
198402,1615,960,1234,226,353,216
198403,1613,938,1265,240,348,200
198404,1628,972,1263,226,341,223
198405,1736,978,1168,216,351,226
198406,1993,925,1003,191,355,248
198407,2026,927,1010,193,359,247
198408,2137,970,908,171,356,271
198409,2067,1081,943,175,358,271
198410,2164,997,954,164,355,284
198411,2068,1012,1075,181,338,282
198412,2085,1062,1049,159,345,296
198501,2139,1167,976,141,360,301
198502,2294,1136,857,130,358,317
198503,2267,1092,956,145,342,319
198504,2164,1110,1078,146,350,313
198505,2096,1166,1086,141,348,326
198506,2077,1185,1086,137,341,341
198507,2179,1122,1036,132,339,357
198508,2210,1028,1092,140,352,335
198509,2074,998,1243,146,350,338
198510,2058,996,1249,137,360,329
198511,1958,1033,1304,148,359,325
198512,1953,1067,1266,153,360,318
198601,1997,958,1325,148,364,310
198602,2086,1034,1156,139,364,317
198603,2057,1075,1122,137,341,348
198604,2108,1012,1121,136,371,313
198605,2189,973,1084,150,371,307
198606,1970,964,1297,165,367,296
198607,1919,1020,1282,162,362,315
198608,1870,1185,1154,141,356,342
198609,1840,1296,1083,132,377,328
198610,2021,1201,978,135,376,335
198611,2004,1116,1093,147,386,303
198612,2040,1157,1020,148,392,286
198701,1935,1239,1015,132,381,298
198702,2181,1071,902,152,363,301
198703,2095,1183,889,138,367,314
198704,2089,1060,1051,141,371,301
198705,2203,1082,942,165,350,300
198706,2179,1098,1010,183,348,289
198707,2248,1119,1013,184,345,280
198708,2296,1187,954,186,352,266
198709,2129,1326,1003,208,340,267
198710,2285,1199,1020,164,363,274
198711,2107,1294,1128,195,369,254
198712,2196,1252,1116,127,387,308
198801,2096,1207,1306,148,367,313
198802,2295,1145,1184,143,376,304
198803,2291,1256,1084,135,382,317
198804,2444,1172,1059,132,384,309
198805,2290,1238,1150,143,381,301
198806,2195,1262,1240,161,369,283
198807,2133,1328,1284,144,389,284
198808,2182,1304,1301,147,389,282
198809,2125,1260,1432,151,385,270
198810,2115,1269,1464,149,373,278
198811,2166,1159,1514,198,375,229
198812,2236,1141,1426,181,395,227
198901,1996,1150,1615,200,367,224
198902,2157,1145,1447,193,378,214
198903,2172,1094,1462,170,380,231
198904,2354,1004,1349,149,389,246
198905,2303,1111,1278,168,356,266
198906,2286,1093,1297,159,354,273
198907,2265,1145,1232,138,381,271
198908,2352,1108,1186,127,377,288
198909,2528,1067,1042,121,376,294
198910,2461,1058,1089,117,367,304
198911,2264,1151,1201,115,383,295
198912,2225,1136,1237,116,358,314
199001,2227,1231,1127,107,353,333
199002,2221,1318,1030,101,367,316
199003,2167,1350,1049,94,366,322
199004,2148,1385,1003,88,372,323
199005,2149,1345,1031,119,358,310
199006,1968,1414,1122,119,369,303
199007,2117,1265,1087,106,367,317
199008,1983,1266,1219,120,364,304
199009,1931,1414,1104,126,356,305
199010,1892,1480,1070,121,361,304
199011,1932,1453,1034,121,364,305
199012,1843,1573,1015,114,358,324
199101,1947,1460,1034,98,369,333
199102,2202,1331,888,96,378,339
199103,2301,1179,938,96,374,338
199104,2231,1238,950,107,354,351
199105,2165,1225,1011,128,356,333
199106,1957,1264,1184,130,360,329
199107,2119,1167,1122,129,370,332
199108,1981,1235,1177,128,381,326
199109,2041,1157,1190,129,369,340
199110,1983,1165,1235,133,357,344
199111,1831,1184,1349,162,354,318
199112,1706,1171,1476,161,378,303
199201,1537,1093,1687,198,349,307
199202,1655,1171,1471,143,377,331
199203,1517,1035,1721,166,376,317
199204,1469,1113,1683,169,376,313
199205,1550,1062,1652,169,392,296
199206,1600,1025,1616,165,393,310
199207,1665,970,1607,164,378,330
199208,1643,1006,1570,170,385,322
199209,1677,1009,1542,150,401,320
199210,1768,966,1489,151,411,313
199211,1795,1005,1425,151,412,319
199212,1906,964,1370,158,404,334
199301,1677,924,1648,184,416,305
199302,1918,986,1372,148,389,359
199303,1948,952,1407,163,402,329
199304,1948,1115,1286,155,413,332
199305,1823,1135,1417,166,432,301
199306,1863,1082,1438,186,417,316
199307,1766,1094,1544,184,446,292
199308,1726,1133,1547,195,433,305
199309,1647,1174,1594,211,430,305
199310,1736,1078,1598,226,417,312
199311,1585,1150,1717,234,405,315
199312,1610,1098,1776,225,419,296
199401,1680,1067,1747,228,437,296
199402,1846,1102,1544,211,424,325
199403,1661,1238,1610,228,422,317
199404,1634,1237,1676,247,416,315
199405,1638,1248,1677,237,430,316
199406,1741,1178,1666,235,446,313
199407,1725,1195,1714,239,435,313
199408,1775,1224,1665,246,436,317
199409,1831,1269,1588,239,437,318
199410,1935,1406,1368,230,456,320
199411,1998,1363,1389,235,430,342
199412,2074,1335,1406,206,456,355
199501,1971,1319,1586,197,484,352
199502,2190,1253,1450,194,470,359
199503,2167,1350,1408,189,460,377
199504,2311,1230,1414,179,454,406
199505,2184,1336,1435,168,451,425
199506,2237,1227,1531,176,470,398
199507,2370,1225,1400,189,456,423
199508,2089,1340,1548,177,473,423
199509,2000,1332,1651,172,483,427
199510,2084,1247,1663,161,485,436
199511,2026,1314,1664,183,454,444
199512,2052,1292,1672,173,452,458
199601,2011,1339,1655,152,469,474
199602,2181,1206,1595,178,460,451
199603,2142,1328,1518,181,474,436
199604,2039,1380,1590,196,453,441
199605,2084,1363,1567,199,476,429
199606,1978,1322,1738,217,450,416
199607,1947,1331,1787,221,477,399
199608,2092,1323,1667,217,485,379
199609,2273,1382,1456,215,474,404
199610,2285,1389,1417,236,456,423
199611,2344,1403,1375,239,488,398
199612,2336,1366,1451,243,489,403
199701,2345,1459,1383,241,475,429
199702,2392,1410,1374,259,489,408
199703,2383,1431,1394,253,502,392
199704,2480,1344,1418,254,476,414
199705,2671,1181,1428,264,483,403
199706,2956,1249,1129,263,473,431
199707,2850,1276,1239,268,459,452
199708,2755,1368,1262,268,466,437
199709,2856,1363,1185,265,467,437
199710,2709,1298,1401,287,492,388
199711,2456,1366,1639,294,492,382
199712,2289,1302,1914,295,515,356
199801,2429,1301,1759,259,508,397
199802,2680,1264,1520,263,487,418
199803,2534,1327,1574,269,489,430
199804,2470,1495,1428,259,469,464
199805,2321,1401,1658,263,487,437
199806,2254,1432,1699,256,494,420
199807,2264,1449,1622,234,502,460
199808,2278,1521,1530,238,476,481
199809,2275,1671,1377,197,463,511
199810,2470,1672,1119,204,483,510
199811,2505,1750,965,181,501,521
199812,2614,1673,946,172,487,548
199901,2446,1618,1105,169,497,572
199902,2452,1641,1014,168,494,590
199903,2006,1865,1221,185,462,599
199904,2019,1854,1184,158,462,601
199905,2172,1904,983,139,470,601
199906,2490,1635,917,139,468,606
199907,2374,1542,1111,160,477,566
199908,2455,1426,1130,165,477,551
199909,2186,1458,1319,182,471,544
199910,1968,1553,1376,195,469,537
199911,1754,1500,1570,221,451,545
199912,1720,1598,1415,181,459,602
200001,1492,1531,1644,201,457,607
200002,1645,1540,1452,193,453,624
200003,1378,1555,1574,218,446,698
200004,1013,1500,2028,268,392,634
200005,1173,1498,1934,187,420,616
200006,1432,1496,1686,193,411,609
200007,1623,1488,1453,179,428,652
200008,1510,1571,1528,202,391,629
200009,1669,1517,1386,209,387,646
200010,1660,1593,1320,190,406,631
200011,1691,1627,1258,216,425,550
200012,2070,1498,1033,215,428,507
200101,2213,1519,834,262,443,444
200102,2614,1272,628,294,426,419
200103,2781,1216,554,325,404,377
200104,2607,1202,771,317,415,337
200105,2434,1192,904,361,399,337
200106,2328,1214,969,309,437,322
200107,2461,1161,867,345,413,320
200108,2344,1159,1008,325,409,307
200109,2340,1071,1079,325,397,308
200110,2272,1141,1115,309,396,282
200111,2084,1135,1246,339,397,294
200112,1825,1115,1472,322,429,275
200201,1596,1074,1714,312,437,272
200202,1963,1050,1333,296,429,284
200203,1760,1006,1575,267,405,306
200204,1712,1168,1423,270,426,292
200205,1731,1048,1502,281,437,241
200206,1763,1088,1415,298,412,243
200207,1888,1021,1344,285,397,263
200208,1859,963,1384,310,422,228
200209,1799,1012,1361,263,391,289
200210,1749,1129,1259,264,403,274
200211,1796,988,1297,279,401,274
200212,1730,1024,1300,280,391,287
200301,1771,898,1376,237,410,297
200302,1765,957,1278,252,407,285
200303,1578,912,1490,219,416,305
200304,1576,903,1438,203,413,329
200305,1520,974,1408,176,395,368
200306,1443,974,1453,183,409,355
200307,1281,1041,1530,143,400,406
200308,1159,1005,1639,190,428,342
200309,1006,1009,1749,199,419,341
200310,1057,1011,1687,204,390,356
200311,917,1050,1760,226,419,314
200312,984,968,1750,249,395,315
200401,894,1026,1772,241,398,307
200402,1037,1043,1580,252,423,284
200403,926,1069,1656,285,393,272
200404,976,1082,1571,283,412,257
200405,975,1049,1592,291,389,257
200406,1096,994,1502,301,392,251
200407,1232,994,1368,242,416,272
200408,1447,945,1170,257,412,256
200409,1522,957,1081,253,419,245
200410,1709,929,915,253,407,258
200411,1680,909,958,273,402,241
200412,1639,976,935,256,401,250
200501,1603,932,1000,267,398,260
200502,1718,876,930,239,413,266
200503,1676,963,885,240,403,276
200504,1707,998,820,231,423,261
200505,1730,999,784,236,402,277
200506,1697,1060,751,239,400,279
200507,1700,1022,788,215,406,296
200508,1582,1031,897,235,399,283
200509,1502,1051,939,230,403,281
200510,1529,1034,927,219,385,307
200511,1516,1076,884,236,384,298
200512,1546,1042,878,183,419,323
200601,1604,1025,843,188,409,318
200602,1614,967,873,181,399,327
200603,1442,1024,982,212,381,317
200604,1351,1017,1076,188,408,307
200605,1201,1106,1132,231,396,274
200606,1234,1069,1142,214,403,268
200607,1296,1077,1086,190,402,291
200608,1394,1020,1048,190,405,279
200609,1427,1063,982,191,394,291
200610,1432,1070,974,197,397,278
200611,1486,1021,960,208,393,281
200612,1458,990,1024,231,393,246
200701,1525,1013,931,234,390,237
200702,1522,1052,850,233,383,260
200703,1641,970,819,217,376,269
200704,1656,1017,761,196,383,283
200705,1622,1031,760,207,372,277
200706,1710,908,783,187,389,289
200707,1813,815,775,182,392,287
200708,1674,880,832,192,392,277
200709,1575,947,843,169,388,302
200710,1639,926,785,178,379,310
200711,1635,935,760,158,377,333
200712,1547,1005,766,149,382,339
200801,1567,1071,674,134,366,364
200802,1505,1110,705,138,360,357
200803,1643,987,683,134,367,351
200804,1536,1116,648,122,368,359
200805,1523,1089,689,138,367,340
200806,1490,1188,626,125,362,356
200807,1563,1169,572,115,378,364
200808,1547,1143,603,135,375,344
200809,1530,1096,673,152,371,330
200810,1585,983,706,171,385,290
200811,1584,940,726,185,373,313
200812,1403,1006,830,152,390,335
200901,1389,1070,774,136,380,354
200902,1389,1060,772,130,388,342
200903,1290,1170,743,116,384,371
200904,1219,1134,826,97,381,390
200905,1159,1171,842,112,390,351
200906,1217,1085,862,140,396,316
200907,1257,880,992,159,382,325
200908,1194,946,975,146,393,330
200909,1252,866,1002,144,404,306
200910,1254,887,962,154,397,305
200911,1314,836,937,190,391,274
200912,1202,881,973,210,397,244
201001,1221,866,940,201,396,261
201002,1235,942,830,226,407,228
201003,1229,917,846,267,386,205
201004,1229,871,856,273,378,216
201005,1288,769,880,220,406,240
201006,1274,807,837,236,406,231
201007,1308,830,766,229,426,224
201008,1243,731,906,212,400,260
201009,1253,806,815,206,380,285
201010,1226,849,787,183,386,303
201011,1276,768,830,203,378,277
201012,1186,781,899,220,368,271
201101,1180,826,833,215,363,279
201102,1205,808,817,226,367,268
201103,1217,765,843,199,361,296
201104,1234,785,796,183,372,305
201105,1275,782,738,172,366,321
201106,1338,785,670,168,374,314
201107,1337,780,647,166,400,290
201108,1281,781,702,161,388,304
201109,1186,825,747,186,404,268
201110,1202,762,778,158,391,319
201111,1073,881,797,144,366,341
201112,1184,868,679,141,382,332
201201,1157,949,628,133,376,339
201202,1168,932,619,167,372,314
201203,1159,900,647,162,380,318
201204,1158,851,682,138,380,346
201205,1106,811,760,166,377,332
201206,1127,758,774,175,370,338
201207,1057,839,756,171,374,334
201208,1041,839,769,166,376,332
201209,1094,769,770,169,390,315
201210,1152,764,709,202,402,267
201211,1041,744,816,196,398,273
201212,1022,795,785,201,400,269
201301,1076,760,744,190,405,274
201302,1146,724,706,190,408,266
201303,1154,692,734,197,414,254
201304,1174,737,655,200,399,273
201305,1150,706,703,207,402,259
201306,1248,663,642,199,417,254
201307,1173,737,618,206,403,268
201308,1105,718,705,220,412,239
201309,1091,690,724,241,395,253
201310,1053,708,738,197,398,286
201311,981,755,767,194,434,251
201312,964,735,779,207,411,269
201401,909,734,833,202,409,274
201402,943,710,814,207,407,274
201403,847,761,848,207,393,288
201404,849,789,816,200,382,309
201405,842,789,818,224,386,283
201406,988,733,747,190,409,294
201407,1097,734,644,184,392,325
201408,1105,686,677,178,411,316
201409,1093,719,658,158,418,328
201410,1143,725,619,152,411,343
201411,1051,773,658,129,423,360
201412,1085,780,608,134,421,368
201501,1048,866,553,114,399,412
201502,1135,807,525,136,425,373
201503,1064,851,560,144,414,370
201504,1087,853,544,129,375,422
201505,1008,834,658,165,387,371
201506,1025,800,683,149,407,374
201507,1006,856,638,148,403,398
201508,975,788,731,164,422,378
201509,960,843,697,155,395,407
201510,982,802,706,164,437,363
201511,971,758,771,146,416,391
201512,998,731,787,150,431,369
201601,1011,707,792,149,413,391
201602,984,700,809,156,406,385
201603,1014,667,812,149,432,357
201604,1018,723,754,139,410,374
201605,1067,756,673,161,399,360
201606,1099,670,716,161,424,333
201607,1136,727,644,151,397,364
201608,1083,828,596,186,426,306
201609,1070,847,593,181,414,310
201610,1112,764,610,213,422,275
201611,1007,768,709,208,429,271
201612,1090,712,669,186,425,301
201701,1054,696,718,248,397,262
201702,977,720,759,276,405,224
201703,981,691,770,260,407,242
201704,971,645,812,227,418,265
201705,980,587,854,202,413,292
201706,931,621,860,215,405,290
201707,957,619,832,191,381,340
201708,932,641,845,179,399,327
201709,982,636,800,162,393,349
201710,1009,682,712,146,401,362
201711,968,650,797,170,419,307
201712,955,754,685,165,394,341
201801,982,806,592,136,417,347
201802,977,816,582,137,439,330
201803,1026,747,586,142,409,357
201804,1013,789,570,143,404,353
201805,1016,706,651,153,395,352
201806,961,751,662,197,393,312
201807,931,769,686,196,387,319
201808,938,745,707,194,403,300
201809,972,729,680,220,392,290
201810,976,733,666,191,384,335
201811,979,723,674,193,396,317
201812,968,722,681,176,411,330
201901,982,771,617,155,400,357
201902,952,801,617,162,403,345
201903,971,788,607,174,392,336
201904,1018,769,570,153,392,363
201905,1005,818,533,132,400,377
201906,1089,839,441,126,378,407
201907,1016,930,462,115,391,402
201908,1053,899,449,103,401,418
201909,1126,871,400,94,409,417
201910,1053,936,417,102,409,403
201911,1145,813,439,122,410,391
201912,1101,802,487,125,424,371
202001,1119,736,518,134,436,348
202002,1122,736,505,126,417,372
202003,1081,835,445,108,415,397
202004,1068,745,521,116,423,409
202005,912,911,520,100,385,454
202006,993,835,513,93,384,473
202007,919,862,563,92,383,477
202008,860,821,672,104,379,460
202009,905,775,659,120,382,443
202010,912,754,671,119,365,469
202011,893,722,728,122,382,445
202012,906,744,699,137,374,434
202101,977,652,720,136,386,419
202102,979,641,723,162,376,408
202103,911,578,858,198,382,368
202104,811,746,794,288,408,241
202105,791,830,734,288,417,220
202106,863,811,680,288,423,212
202107,969,763,640,322,413,211
202108,885,765,723,322,421,214
202109,950,700,750,304,423,221
202110,955,722,731,319,412,219
202111,956,772,702,293,431,230
202112,1066,698,665,281,402,280
202201,1164,689,595,251,429,290
202202,1419,580,476,247,425,297
202203,1487,581,446,237,438,294
202204,1447,676,472,213,438,304
202205,1398,775,484,203,444,299
202206,1461,799,435,185,448,312
202207,1566,782,407,219,451,310
202208,1502,713,600,225,437,312
202209,1543,794,502,222,434,314
202210,1522,868,472,226,427,327
202211,1505,710,685,219,412,341
202212,1491,930,532,228,411,325
202301,1509,882,536,210,426,320
202302,1500,867,572,213,421,321
202303,1518,869,566,207,438,299
202304,1511,804,618,213,439,289
202305,1495,852,588,184,427,339
202306,1481,808,628,171,441,337
202307,1536,767,625,173,426,348
202308,1540,764,596,186,435,328
202309,1620,739,535,205,426,315
202310,1650,730,510,210,421,309
202311,1601,719,546,186,442,311
202312,1535,694,608,192,431,321
202401,1529,723,556,180,445,321
202402,1494,766,550,180,431,329
202403,1527,735,534,144,428,365
202404,1419,766,602,184,401,337
202405,1428,775,572,195,402,318
202406,1497,740,515,195,429,293
202407,1462,706,566,216,408,303
202408,1429,777,521,162,400,354
202409,1395,671,636,205,425,290
202410,1407,656,635,191,418,303
202411,1417,655,612,187,409,316
202412,1354,687,628,187,418,304
202501,1368,707,566,188,401,318
202502,1284,685,657,214,391,300
202503,1322,640,649,224,370,311
202504,1292,648,662,189,386,325
202505,1309,612,637,186,392,326
202506,1258,632,652,153,395,353
202507,1221,698,620,173,389,334
202508,1238,683,594,156,369,367
