DateID,SMALL LoPRIOR,ME1 PRIOR2,ME1 PRIOR3,ME1 PRIOR4,SMALL HiPRIOR,ME2 PRIOR1,ME2 PRIOR2,ME2 PRIOR3,ME2 PRIOR4,ME2 PRIOR5,ME3 PRIOR1,ME3 PRIOR2,ME3 PRIOR3,ME3 PRIOR4,ME3 PRIOR5,ME4 PRIOR1,ME4 PRIOR2,ME4 PRIOR3,ME4 PRIOR4,ME4 PRIOR5,BIG LoPRIOR,ME5 PRIOR2,ME5 PRIOR3,ME5 PRIOR4,BIG HiPRIOR
199011,24.28,32.93,36.06,37.86,39.51,159.73,143.60,151.28,146.98,158.40,321.73,319.16,335.67,297.07,305.97,675.82,616.06,657.85,597.78,609.52,2236.82,2603.49,3847.62,3417.47,4498.52
199012,24.39,31.88,36.20,36.28,39.16,153.43,150.54,151.33,155.24,157.70,320.50,316.78,329.14,313.82,305.93,684.67,625.15,623.30,644.11,644.48,2510.16,2763.53,4042.16,3896.31,3750.03
199101,24.23,34.19,33.86,36.80,37.71,153.00,152.52,149.83,150.27,160.45,318.62,314.04,334.34,305.89,316.77,678.90,599.00,692.24,615.00,646.22,2398.89,3052.96,3670.20,4075.05,3933.35
199102,24.38,34.21,36.15,38.09,37.65,157.45,163.06,146.92,153.38,167.66,330.34,327.51,316.17,333.60,330.05,683.96,650.50,681.83,667.77,722.63,2752.98,3585.73,3395.16,4712.62,3648.35
199103,27.24,39.20,36.88,39.00,41.61,177.25,172.81,153.17,172.87,182.21,363.57,331.89,354.10,346.13,372.70,748.67,729.98,752.50,708.51,778.31,2884.12,3505.09,3974.10,4703.07,4022.66
199104,25.86,34.76,38.22,36.26,40.38,160.43,151.07,159.99,161.80,170.60,339.13,323.63,320.80,332.43,341.54,660.89,685.07,702.30,704.77,707.60,2803.77,2775.36,3875.09,3909.27,4047.59
199105,26.48,31.28,36.42,37.47,39.47,157.31,144.47,152.85,163.40,171.45,335.08,313.12,331.74,317.97,348.33,691.41,666.36,692.80,680.21,698.17,2920.02,3000.07,2821.89,4266.42,4460.13
199106,26.05,34.68,35.16,34.74,37.73,156.75,158.71,160.12,163.49,164.63,341.47,329.99,323.91,318.12,348.16,715.27,635.94,653.45,681.82,714.79,2369.82,3287.07,3394.85,3925.77,4761.97
199107,25.14,32.30,31.11,34.57,34.68,151.19,145.29,145.80,149.18,154.93,308.36,309.17,308.52,294.70,323.92,667.30,601.76,592.02,671.80,649.24,2233.35,2654.04,2899.16,3631.77,4823.00
199108,25.94,34.95,32.24,31.48,34.71,155.92,146.68,147.75,145.97,158.51,313.38,309.42,300.72,314.29,334.82,666.49,642.87,628.00,682.35,686.09,2052.67,2896.55,3159.46,4094.16,5155.79
199109,25.93,31.48,33.59,38.50,35.57,150.89,142.34,157.93,151.09,159.79,317.50,320.69,306.08,318.85,350.25,636.71,694.18,631.19,666.18,694.17,1961.83,3061.81,3387.92,4447.06,4513.64
199110,27.37,35.28,39.32,38.87,39.32,151.29,146.98,155.87,162.17,156.23,323.53,312.06,326.68,311.40,347.01,651.45,660.81,614.66,685.13,696.45,1963.83,2847.29,4291.12,4027.28,4337.49
199111,26.00,31.93,34.62,35.99,35.22,147.54,142.88,149.32,147.46,150.71,310.03,295.28,317.36,312.00,327.51,646.86,644.52,621.49,613.12,673.10,2362.03,3552.97,3540.02,3739.19,4383.92
199112,26.17,31.85,33.65,32.65,35.01,143.14,136.19,151.01,147.69,146.92,309.88,309.75,295.67,306.23,320.36,637.39,637.51,624.74,651.30,626.64,2009.90,3417.56,4215.24,3995.62,4005.73
199201,28.45,30.78,36.22,33.59,36.80,156.80,152.73,152.22,158.38,159.07,332.97,314.22,325.61,331.50,345.87,683.13,716.11,669.89,732.61,734.50,2161.85,3282.27,5051.05,4825.20,4167.56
199202,27.82,30.73,36.46,35.41,36.29,157.11,151.09,150.69,155.78,159.46,335.59,331.18,326.64,329.35,352.77,681.96,694.12,713.03,699.11,761.90,2508.44,3364.12,4362.82,5162.49,4269.73
199203,26.54,33.99,35.82,35.75,36.36,151.82,144.05,149.65,164.53,157.39,329.64,332.52,331.31,358.10,344.74,677.84,713.40,698.03,697.61,734.42,2230.55,3560.20,4343.22,4527.49,4884.06
199204,25.88,34.58,34.34,34.88,34.82,148.62,141.80,147.99,155.94,151.51,315.67,323.96,319.68,347.31,334.19,667.52,706.70,640.06,722.84,745.29,2391.26,2835.27,4178.50,4668.83,4580.08
199205,26.84,36.33,32.31,38.76,37.00,156.13,153.13,157.94,161.14,155.64,337.26,362.27,333.63,358.13,347.81,708.45,750.29,762.92,757.69,769.84,2789.52,4121.72,3898.68,5618.88,4259.17
199206,29.35,35.37,35.22,38.34,38.24,166.35,154.01,168.27,169.27,166.22,348.62,365.86,358.75,363.15,375.65,748.60,739.72,863.25,779.64,831.12,2495.81,4252.52,5202.37,5423.24,4392.76
199207,30.35,31.41,38.06,36.25,37.58,161.23,158.90,162.77,169.25,162.91,353.35,342.66,357.88,374.88,350.68,724.65,729.31,770.70,809.80,856.04,2160.85,3327.23,5362.28,5953.01,4173.96
199208,27.50,34.53,31.60,37.11,35.46,151.13,150.02,156.53,166.14,157.53,328.29,345.98,347.10,328.36,342.42,709.40,695.67,797.96,778.27,787.33,2485.06,3752.84,4705.64,6321.09,3886.16
199209,27.22,30.88,36.33,35.13,34.58,153.43,146.58,154.00,153.44,157.73,329.86,321.63,340.58,338.74,340.78,729.18,701.90,781.81,718.48,818.53,2388.46,3488.92,5935.09,5349.45,4356.90
199210,25.80,30.30,35.46,32.50,33.29,145.93,146.33,149.56,147.74,150.09,323.41,305.32,332.58,330.70,324.44,689.27,729.76,745.62,716.53,795.74,2562.39,3068.99,5109.35,6003.31,4664.52
199211,22.85,28.64,29.29,31.10,31.23,135.73,138.66,136.72,136.62,140.63,306.69,286.94,287.38,299.72,295.28,648.42,642.30,680.53,701.63,729.43,2255.94,2663.77,5083.44,5168.08,4632.10
199212,22.37,29.12,30.12,31.94,30.87,133.26,134.70,139.73,145.76,133.26,303.39,293.70,293.24,300.58,292.60,676.28,663.45,668.86,641.29,738.43,2229.65,2853.05,5002.35,4574.38,4751.80
199301,23.21,30.69,29.82,31.17,29.92,134.12,136.72,139.30,146.76,143.46,302.84,293.13,304.26,298.08,303.09,690.03,642.76,703.02,686.96,727.13,2333.26,3423.67,4454.09,5297.72,4274.98
199302,24.21,28.85,31.11,29.21,30.26,136.74,147.62,143.19,147.73,144.49,319.26,293.54,319.04,311.17,321.35,710.68,674.72,708.67,702.03,762.43,2357.38,3668.10,3825.22,5515.85,4605.22
199303,24.71,28.37,30.17,31.62,30.90,141.07,140.36,143.93,152.38,145.31,317.69,303.70,320.66,314.45,319.92,730.04,730.05,705.09,685.31,771.89,2499.48,3984.89,4491.25,5024.59,4446.89
199304,26.27,30.96,29.54,33.67,32.54,146.61,151.37,153.73,163.74,153.33,328.01,319.87,335.39,346.25,343.29,739.55,788.53,765.76,720.68,807.86,3201.78,3640.37,4640.86,5598.07,4553.15
199305,26.17,32.97,30.62,35.60,33.69,148.66,157.55,156.72,163.94,152.24,334.12,331.94,334.94,345.88,335.94,764.45,747.24,742.02,792.90,808.48,3049.83,3865.29,4545.97,5675.97,4826.09
199306,26.33,33.76,34.11,35.01,32.39,149.22,159.47,155.71,159.31,153.32,332.24,345.22,326.25,347.81,338.72,781.50,741.70,746.17,797.82,801.46,3583.77,4037.75,5299.61,5162.81,4326.98
199307,26.13,31.74,32.46,37.01,30.44,147.79,143.61,150.92,145.60,153.42,327.23,322.42,316.57,336.42,327.90,749.55,704.43,742.43,756.19,735.66,3434.47,4305.93,4567.76,5060.67,4443.20
199308,25.84,34.90,32.88,35.33,29.81,148.68,150.76,144.45,148.26,154.31,327.89,314.74,332.39,336.05,329.79,770.73,685.50,755.78,802.39,733.70,3586.32,4578.54,4696.83,4460.68,4702.98
199309,28.46,39.05,35.22,35.63,34.24,162.44,160.72,164.88,157.92,169.46,356.60,330.57,350.03,349.66,350.66,810.57,787.64,849.64,808.42,799.99,4148.64,5353.16,4551.29,5300.62,4086.85
199310,28.07,37.03,35.49,36.76,34.13,157.82,162.75,154.93,165.76,165.70,349.24,344.80,336.02,351.32,346.68,808.24,772.49,845.44,830.57,768.05,4323.16,5651.45,4975.76,5182.86,3539.55
199311,29.84,34.48,34.08,35.08,35.61,167.13,167.79,163.07,173.49,168.59,364.03,337.40,330.98,373.88,374.98,810.90,865.22,835.90,863.03,823.95,4172.67,5762.39,5429.15,5260.71,3542.90
199312,27.21,34.05,32.46,37.24,35.50,159.13,160.23,161.68,166.08,160.83,340.93,330.54,341.54,351.39,360.41,795.21,794.81,798.40,836.50,807.71,4403.80,5088.02,5748.05,5085.65,3706.69
199401,29.19,34.73,35.93,37.99,36.53,171.28,179.71,171.90,170.41,170.58,380.86,361.10,358.86,383.89,373.33,930.24,861.39,881.75,898.46,907.06,4704.59,5695.40,5958.42,5600.83,4021.15
199402,31.05,38.46,39.70,41.15,40.84,177.55,181.30,185.36,185.57,183.61,405.91,387.28,395.70,401.38,384.28,930.63,946.84,938.35,913.47,923.53,4087.53,5962.25,6302.85,5504.21,4491.66
199403,29.98,34.92,38.77,39.12,38.61,163.68,170.47,171.72,165.26,167.45,380.67,361.05,369.27,377.98,366.63,887.47,837.40,827.69,840.35,869.61,4472.07,5647.12,5665.00,4369.35,4708.64
199404,28.74,36.50,35.80,36.38,37.06,156.52,167.78,163.41,166.79,161.23,360.61,346.39,350.29,353.92,356.78,799.53,870.88,799.35,751.83,821.09,5039.95,4624.23,5412.44,3882.56,4299.22
199405,28.71,37.31,38.14,40.46,36.88,168.71,166.16,174.40,168.52,164.85,375.30,375.09,366.90,362.14,374.10,862.29,866.63,817.74,820.61,821.05,5496.81,4685.99,5581.65,4269.25,4797.05
199406,27.15,37.32,35.63,36.22,36.47,164.25,158.70,155.70,157.70,158.10,355.77,352.24,352.45,363.43,341.79,829.48,810.09,789.35,771.89,771.08,4566.09,5351.80,5196.55,3816.13,4102.85
199407,26.67,35.21,35.21,36.08,35.20,160.99,154.35,153.47,153.47,155.46,340.86,350.07,342.01,334.32,350.65,783.97,832.66,776.94,769.77,741.83,4647.48,6109.22,4500.87,4242.53,3308.72
199408,27.38,34.25,38.08,37.50,36.04,166.44,171.99,163.86,162.87,161.17,361.08,363.39,374.29,358.42,355.48,863.61,818.74,865.81,791.96,830.87,5150.92,6123.79,4684.59,4753.33,3612.81
199409,30.57,33.68,37.13,40.51,36.36,172.92,189.21,170.35,163.20,161.09,356.77,367.36,352.36,370.45,368.95,869.95,844.02,854.18,802.98,845.39,5088.12,5575.09,6677.70,4468.12,3854.94
199410,30.19,33.09,37.27,36.53,35.84,162.21,177.79,163.29,154.29,154.03,353.38,351.59,344.20,348.49,346.29,854.49,738.74,820.86,820.62,812.71,5001.23,5123.16,5803.59,4675.72,3434.87
199411,29.74,34.96,35.47,38.18,36.34,168.81,171.11,175.50,166.26,161.21,358.25,373.70,382.59,356.67,366.13,918.55,865.04,827.79,883.39,787.54,5770.46,6025.39,5495.34,4703.98,3947.23
199412,27.77,35.66,35.73,36.89,34.70,162.19,157.73,169.71,150.69,157.47,353.80,352.43,345.97,343.01,343.08,837.24,859.84,889.46,825.13,776.00,5346.03,6090.37,4539.67,4918.61,4213.34
199501,29.01,36.10,34.57,36.06,34.91,160.20,159.80,164.95,161.16,156.09,354.79,354.71,348.23,351.92,348.33,861.22,797.87,843.50,867.11,798.83,4974.97,5704.29,5689.76,4435.70,4367.29
199502,29.21,35.54,35.83,34.72,35.36,156.19,162.35,155.12,155.58,157.98,343.26,352.31,324.29,337.79,346.24,836.22,807.66,893.74,814.59,765.22,4283.00,4587.35,5724.21,5663.47,4738.06
199503,29.74,35.27,36.09,36.79,36.40,159.96,159.54,162.04,158.10,166.50,362.16,354.10,360.64,330.52,348.20,858.21,849.46,916.94,774.26,799.96,3868.30,4226.29,6123.08,6879.52,4686.99
199504,31.41,36.28,36.09,38.70,38.59,161.17,167.33,167.63,163.47,173.24,366.59,355.94,367.90,355.08,360.89,881.33,903.35,886.10,922.09,844.05,3807.87,4891.14,5259.10,7844.94,5461.07
199505,32.58,37.87,38.21,38.47,39.09,171.57,175.60,173.50,165.84,178.37,391.34,362.67,392.24,380.56,380.83,916.01,946.53,949.32,961.61,939.45,4260.65,4936.55,5315.55,7577.42,6322.45
199506,32.01,41.50,37.80,41.28,40.54,174.31,180.08,183.09,185.73,169.69,397.97,410.61,399.28,376.67,413.18,918.57,939.98,984.48,982.70,933.65,3570.50,5694.23,5824.25,6938.64,6827.89
199507,32.64,40.40,40.32,43.94,42.12,177.60,175.00,202.84,172.40,171.12,408.35,398.03,391.97,385.54,417.12,953.71,962.64,998.93,1005.89,936.89,3462.52,5277.88,6106.45,7378.24,6519.79
199508,32.36,43.19,42.03,43.67,44.53,183.44,187.64,187.91,211.44,179.90,414.04,417.59,436.56,417.82,421.86,991.29,995.46,1027.15,1016.58,995.39,4165.01,5474.47,6871.45,6725.77,7553.48
199509,32.17,40.91,41.94,41.45,42.74,175.89,178.21,178.63,199.25,175.55,390.90,405.05,389.81,392.38,417.39,950.48,968.60,990.50,927.16,993.99,3959.45,5692.81,6384.57,7743.26,6099.71
199510,33.29,42.74,40.28,48.01,41.59,180.00,184.33,202.88,180.59,179.38,406.44,411.00,411.07,421.52,431.07,999.06,929.50,1017.71,974.74,1036.33,3842.11,5894.20,6906.17,7141.02,6971.45
199511,33.09,39.66,42.14,45.54,42.10,176.94,182.82,197.06,182.32,181.86,401.90,391.56,418.36,412.76,430.16,1027.31,968.91,959.46,959.29,1003.53,4405.91,5711.04,6517.83,6847.23,8018.62
199512,31.63,39.76,40.65,44.65,41.16,178.11,177.33,188.78,178.51,177.80,413.65,388.20,414.73,401.20,425.15,1015.49,976.55,977.36,1025.22,1043.02,3736.63,6149.21,7183.63,6910.68,8256.35
199601,33.63,41.72,40.23,43.72,42.64,184.88,180.41,193.97,187.21,188.95,421.54,421.52,423.31,422.12,435.10,1061.58,1059.43,1008.07,1049.90,1096.77,3598.21,6351.87,6395.67,9008.99,7903.03
199602,34.26,42.15,41.34,46.31,42.63,188.18,199.95,186.16,200.65,194.00,448.67,438.17,429.70,428.61,446.25,1055.38,1092.71,1116.59,1127.14,1115.20,4595.83,5491.37,6956.39,8688.03,8220.77
199603,34.75,43.21,45.86,45.52,44.07,188.63,200.55,201.38,202.82,198.39,446.07,449.37,440.55,463.39,466.91,1109.26,1090.87,1079.39,1093.34,1159.33,4564.27,4363.10,7759.45,9005.78,7420.86
199604,35.33,44.77,46.39,44.76,43.66,197.87,190.49,200.36,200.08,206.15,442.80,439.39,432.16,465.20,470.74,1112.75,1126.85,1077.42,1031.78,1190.07,5775.68,5273.42,8303.43,8282.55,6302.19
199605,35.13,41.77,47.75,45.96,45.58,198.36,210.40,201.33,199.87,202.62,455.64,444.40,455.90,462.41,468.20,1162.28,1136.52,1098.52,1103.73,1165.89,5432.27,6217.63,8067.83,7806.25,7717.23
199606,36.10,44.89,44.75,46.64,47.27,211.43,199.83,209.95,200.05,204.47,464.69,454.74,461.56,484.43,475.10,1158.65,1086.40,1121.20,1097.98,1166.75,5542.14,6469.18,8654.48,7616.76,7162.06
199607,36.79,41.66,45.21,46.31,44.68,213.99,197.30,199.44,203.30,200.86,458.14,439.86,468.89,457.73,476.56,1121.82,1135.28,1087.67,1164.40,1144.59,6109.82,6531.35,8074.43,8079.65,6994.72
199608,37.03,39.84,43.17,46.97,43.64,200.62,208.79,181.94,200.53,200.88,443.01,429.82,473.29,464.80,459.99,1144.14,1143.22,1096.86,1141.02,1128.86,6158.61,6320.99,7823.53,9148.65,6574.82
199609,37.82,41.00,44.13,46.90,41.82,204.60,212.01,197.89,204.13,202.63,453.55,458.90,486.90,491.60,473.52,1173.45,1174.78,1128.51,1232.56,1164.03,5517.90,6822.57,7744.55,10160.90,6753.60
199610,36.95,41.78,44.73,46.78,42.57,205.83,213.70,197.35,198.83,210.43,473.36,469.42,483.83,484.46,492.48,1163.13,1235.21,1215.23,1235.46,1149.42,5799.33,8116.81,7054.65,10038.72,7699.60
199611,37.87,41.06,45.53,49.56,42.42,218.05,204.73,205.81,214.06,209.23,476.48,479.48,489.25,519.28,506.86,1153.90,1187.76,1208.40,1286.12,1194.13,6284.27,7355.76,8264.34,9577.84,7884.58
199612,37.81,41.97,50.18,49.17,47.41,224.39,203.21,224.82,222.26,221.67,502.15,521.70,539.40,515.58,526.23,1249.49,1288.58,1273.27,1349.17,1275.22,7846.64,7534.76,9469.56,11014.08,7345.76
199701,38.59,46.06,48.93,49.69,49.80,229.43,217.27,218.29,229.13,224.93,517.48,515.20,527.55,538.25,554.51,1290.38,1340.94,1321.26,1373.65,1387.12,7944.78,6270.22,10120.36,10928.97,9086.16
199702,38.34,45.31,48.11,50.35,48.60,223.29,227.05,232.56,224.25,219.12,510.98,513.45,507.13,528.32,534.65,1278.85,1326.26,1251.48,1302.04,1339.12,6975.43,7586.20,8641.90,11116.56,9151.71
199703,38.20,44.44,51.25,50.81,49.64,229.37,227.81,219.42,224.88,224.18,511.20,519.21,548.75,505.90,527.58,1335.43,1294.98,1386.13,1256.65,1346.22,6620.42,7228.49,8902.06,10127.38,11203.30
199704,39.69,46.09,45.48,55.59,50.30,236.20,223.29,227.16,226.68,229.13,525.22,546.03,559.77,515.10,524.88,1405.26,1278.42,1361.40,1280.84,1361.63,6045.35,10147.83,7654.03,10992.12,10212.49
199705,38.43,47.15,49.85,48.41,50.26,242.41,219.09,224.76,227.97,225.45,528.35,516.47,539.36,519.46,558.54,1364.61,1334.84,1330.91,1340.67,1391.52,5500.51,7996.00,9400.32,10766.53,11705.92
199706,39.88,48.30,50.87,53.02,50.24,244.27,242.49,235.01,241.28,240.14,546.93,578.04,570.39,538.56,571.86,1429.73,1350.75,1403.07,1460.33,1402.92,5099.26,7824.73,11339.48,11074.10,12925.57
199707,41.48,48.33,52.19,53.89,51.80,255.59,251.38,244.54,250.22,252.52,569.99,614.87,581.51,566.32,614.62,1505.76,1450.78,1590.89,1508.58,1575.63,5454.28,8570.92,11012.22,13763.58,13097.63
199708,41.94,49.42,53.18,56.13,58.38,269.15,249.86,252.81,277.47,258.83,633.16,627.74,635.27,635.62,648.70,1634.86,1542.93,1724.53,1702.78,1705.79,5520.53,9088.80,11453.61,12016.46,16060.03
199709,40.28,49.03,55.44,51.90,54.21,248.86,241.92,247.82,247.64,250.20,570.12,578.67,572.23,594.70,609.30,1411.97,1477.92,1497.28,1590.03,1592.97,4808.27,6939.37,8969.36,13232.64,14369.21
199710,42.27,53.78,56.79,56.71,57.77,270.25,261.33,271.13,275.06,273.30,647.46,661.62,650.12,648.45,676.08,1639.55,1719.28,1674.74,1664.77,1666.66,5520.24,10442.33,11109.43,14896.60,13975.69
199711,41.07,50.26,54.72,55.96,57.86,255.87,254.21,262.30,259.05,261.12,584.52,619.89,636.14,619.62,640.25,1533.54,1500.48,1601.52,1581.66,1569.41,5008.88,8813.33,10100.69,14594.02,13462.51
199712,40.64,49.42,52.40,56.72,55.84,266.73,257.34,256.51,265.79,266.59,605.34,651.25,630.06,592.89,657.56,1607.61,1606.29,1514.36,1689.13,1562.11,8112.25,9142.13,9701.18,16067.09,13176.21
199801,41.03,50.78,54.90,60.03,55.52,275.71,274.78,278.98,271.84,282.25,662.08,685.84,654.43,663.45,698.18,1723.40,1819.27,1709.65,1715.32,1768.10,7028.11,9002.28,12688.80,14890.15,14846.83
199802,43.67,52.06,55.43,58.45,57.45,288.74,281.39,283.87,293.91,294.48,698.06,665.51,689.06,717.98,694.17,1717.97,1857.14,2012.53,1681.78,1729.06,6574.88,10444.85,12271.12,15145.70,16942.76
199803,45.11,55.52,65.40,66.07,59.72,311.48,311.01,323.52,323.27,316.93,793.85,752.52,758.13,778.11,795.77,1838.79,2097.65,2029.45,2016.59,2028.67,9794.12,8185.29,17109.69,13272.44,18938.70
199804,48.83,65.11,64.71,72.37,69.27,342.98,346.34,328.40,336.68,330.65,854.44,802.22,822.95,816.86,825.25,2013.46,2237.30,2238.56,2260.45,2018.50,8775.35,10056.56,16159.69,19841.50,15695.02
199805,48.99,64.82,72.58,79.45,72.14,343.17,355.54,345.19,332.97,341.69,858.68,830.28,828.47,855.45,835.20,2124.94,2201.98,2330.51,2245.33,2129.26,8605.71,12480.17,19730.52,17234.66,12734.84
199806,49.36,67.02,74.01,79.68,70.68,356.08,355.71,344.32,349.08,346.64,862.00,840.90,875.00,842.49,864.85,2106.59,2278.09,2379.38,2145.58,2204.02,9136.11,16160.10,15804.37,17220.34,14042.32
199807,48.63,65.67,71.69,77.61,68.74,358.99,353.80,334.83,345.95,333.88,865.61,864.40,839.01,869.98,878.73,2142.65,2526.20,2364.94,2192.39,2152.98,12587.36,19451.62,14285.91,18373.82,13742.73
199808,48.46,63.79,70.65,75.93,72.79,364.58,352.02,350.10,365.70,342.82,893.93,929.95,872.22,883.22,889.24,2378.69,2655.97,2387.30,2223.16,2306.02,17668.84,14355.64,18277.97,16209.88,15503.88
199809,44.51,60.01,62.30,63.24,64.65,311.14,320.78,307.51,301.66,302.63,766.54,764.08,773.43,812.86,806.49,2193.90,1978.94,2253.08,2056.43,2068.09,12436.64,14133.33,15390.26,12808.83,17393.84
199810,44.87,52.90,53.45,60.03,58.60,307.20,301.75,283.81,280.60,290.09,735.73,753.85,714.41,728.59,765.18,2088.77,1945.32,2109.43,2014.20,2085.08,13930.10,12619.65,13718.28,16367.42,13546.94
199811,48.56,53.06,58.21,59.31,65.24,336.22,323.55,314.49,312.59,317.98,817.35,819.07,818.62,772.91,864.86,2378.90,2052.70,2378.04,2098.06,2341.65,11893.17,16067.22,17547.33,14409.73,17186.24
199812,48.80,56.19,60.00,67.57,72.36,353.53,349.19,339.96,332.53,327.24,871.46,861.71,849.10,870.92,874.70,2495.11,2491.68,2525.54,2487.31,2435.62,11878.01,17809.10,17526.72,19364.60,17219.22
199901,50.11,59.37,62.09,67.41,73.97,381.86,356.74,363.20,362.29,351.86,938.60,919.99,941.68,929.73,951.96,2643.77,2745.84,2735.99,2596.93,2843.30,11879.64,17562.32,21394.99,21676.44,19793.91
199902,50.99,60.21,60.17,73.52,66.96,373.13,364.19,360.20,368.75,349.39,918.57,951.92,859.37,947.66,981.10,2683.24,2624.78,2566.28,2571.86,3152.20,10332.96,19557.41,22303.78,15573.79,22976.02
199903,51.42,59.68,58.08,62.83,66.70,374.22,359.62,358.33,342.84,360.04,903.37,841.52,930.02,947.34,960.19,2571.89,2445.84,2637.11,2504.83,2939.31,11730.26,19736.98,20158.40,16229.51,21503.96
199904,50.84,62.40,57.89,58.99,66.67,376.78,360.77,358.95,354.48,362.43,866.95,906.22,938.59,986.08,983.36,2448.30,2730.19,2402.34,2741.74,3151.64,9289.48,17748.96,23168.57,18970.19,21541.48
199905,53.32,62.21,61.16,58.59,69.21,380.68,360.43,377.03,340.98,362.26,912.29,872.92,899.29,997.44,957.14,2504.52,2593.41,2561.79,2747.88,3151.12,10038.35,14253.22,20708.80,21219.26,23609.59
199906,51.09,60.66,58.20,62.98,66.54,349.99,343.50,326.61,344.34,378.20,864.52,862.77,806.99,898.44,895.92,2248.07,2337.36,2561.67,2520.90,2737.84,9077.13,14112.06,15264.72,20988.51,23567.03
199907,50.14,64.96,58.96,62.11,73.32,365.70,352.68,358.79,353.79,389.35,906.54,876.73,862.83,927.30,930.20,2633.99,2603.49,2534.23,2563.70,2706.20,12979.47,14923.29,19401.59,21982.82,21739.05
199908,51.55,64.63,58.80,63.07,78.59,360.80,358.01,380.78,371.20,371.23,891.11,887.49,931.71,877.37,928.06,2532.44,2507.68,2494.01,2657.17,2528.65,15658.65,13146.16,15291.05,26127.26,21253.42
199909,51.06,62.81,64.67,69.61,84.88,361.31,360.81,347.32,422.82,383.39,863.69,908.08,850.54,905.65,973.54,2462.16,2473.48,2598.17,2422.18,2733.42,13168.63,18238.61,18235.24,20267.49,23302.31
199910,49.70,66.52,63.98,76.04,86.35,358.66,361.83,396.53,392.91,380.85,873.79,837.45,873.51,917.52,999.60,2390.57,2729.29,2475.06,2473.91,2390.99,14615.16,14929.47,22535.69,19650.12,21953.24
199911,49.89,59.61,63.68,71.60,81.35,374.14,386.15,375.15,414.27,386.27,946.35,920.50,894.08,934.33,999.33,2621.62,2610.73,2718.79,2684.02,2364.93,15637.05,18582.04,20921.32,25888.70,20891.53
199912,52.78,65.64,62.46,68.21,87.28,392.66,384.26,395.14,424.12,401.54,937.91,968.53,951.19,965.02,1017.93,2951.87,2781.46,2649.50,2750.32,2402.35,16535.47,18347.66,20635.60,27611.10,24108.74
200001,55.78,65.94,67.76,74.20,102.69,438.06,411.69,439.54,436.89,459.16,1078.71,1048.31,1087.95,1168.17,1195.78,3267.93,3207.97,3323.33,3404.17,2874.61,17813.45,23548.16,20233.73,33802.16,31908.59
200002,54.09,64.00,66.14,73.08,100.08,378.82,413.63,421.22,409.51,417.34,919.17,975.78,974.49,1025.51,1016.08,2690.65,2857.58,2772.16,2948.16,2691.09,16313.95,20276.05,18544.21,30049.05,28927.91
200003,62.30,62.82,70.09,71.77,96.95,414.57,423.50,432.86,450.13,438.71,1106.95,999.24,1004.10,1053.23,1181.41,2959.53,3027.46,2793.43,3088.99,2865.66,17344.07,18655.70,25144.82,35877.38,29475.60
200004,60.87,70.11,66.62,69.37,97.04,453.91,420.60,447.46,429.85,446.91,1094.62,1039.12,988.31,1075.71,1138.22,3061.16,3430.26,2779.50,3095.48,3228.65,18060.63,24541.23,24290.25,24217.77,40004.91
200005,60.47,61.66,60.67,69.96,82.96,416.52,409.42,409.64,398.75,430.77,1036.92,1027.39,987.76,1037.80,1053.72,2995.40,3054.51,3133.19,2800.89,3149.99,15641.90,17946.99,31300.62,24521.95,33367.38
200006,56.96,61.53,68.22,68.86,80.12,397.77,405.15,408.97,414.38,433.31,1021.41,1021.52,987.15,1022.06,1022.73,2884.81,3050.80,3104.25,2997.72,3248.62,15666.83,15617.89,30812.22,32096.29,28910.48
200007,58.17,61.45,68.42,72.87,79.86,413.36,393.88,404.95,423.93,427.01,1050.56,1006.92,1047.51,1031.75,1026.95,2996.18,2949.65,2930.84,3141.77,3356.07,12123.18,20230.79,27824.85,30161.05,30368.42
200008,58.67,62.69,64.93,73.92,79.17,402.92,404.80,404.95,411.34,434.05,1055.51,1029.99,1025.15,991.45,1074.80,3118.15,3185.60,2975.44,3083.77,3367.15,14931.86,19733.57,28180.84,28254.86,29310.46
200009,60.82,58.49,67.72,71.85,78.29,413.23,402.45,414.47,409.81,423.62,1033.22,1005.49,1087.06,1014.61,1065.54,2978.09,2807.11,2962.78,3150.22,3354.10,12748.09,21652.09,31675.14,23582.88,29842.21
200010,54.01,60.28,67.65,69.79,77.74,390.15,379.49,393.35,406.04,412.82,983.07,957.16,1058.80,952.42,984.95,2842.19,2906.89,2663.73,3081.98,2961.72,12768.22,22810.66,26356.72,28024.67,22260.89
200011,52.18,56.91,59.89,67.97,75.71,391.84,380.23,382.03,407.91,396.29,981.59,1021.41,1030.32,988.32,967.35,2982.78,2565.97,2954.60,3097.29,3263.82,18633.14,23008.54,30336.84,28882.64,19244.27
200012,49.91,55.16,63.54,65.59,71.29,367.52,370.34,384.29,405.60,389.35,997.95,994.48,970.32,999.37,922.06,2794.53,2929.49,2903.59,3014.12,3069.90,17311.69,24774.09,26522.66,30304.29,13694.28
200101,52.78,61.10,62.66,74.60,72.87,405.40,414.70,438.21,416.23,427.00,1032.54,1160.76,1054.54,1059.63,1054.61,3227.48,3207.12,2839.40,3215.14,3386.46,24030.13,22860.47,30255.41,25144.85,17318.46
200102,52.39,62.82,70.95,77.19,75.92,411.47,423.89,431.21,441.58,407.27,1015.69,1047.93,1027.05,1083.82,1057.82,3187.76,2942.99,3230.15,3342.80,3254.07,30320.05,24037.27,22009.78,20574.39,26097.57
200103,48.48,58.51,66.14,72.45,68.85,387.22,369.35,399.01,385.56,379.94,928.36,989.27,949.56,978.96,1006.56,3070.89,2832.91,2896.86,2879.20,2961.42,24571.67,18228.33,22716.23,22868.46,17569.47
200104,44.85,54.63,57.43,67.20,60.98,352.14,341.50,362.70,334.04,357.85,866.67,914.85,897.98,954.21,909.70,2848.34,2759.41,2730.52,2629.65,2643.07,22490.53,21570.14,17582.22,21723.23,14104.88
200105,46.64,59.47,58.67,66.89,65.55,374.58,371.97,381.39,395.47,383.13,963.15,991.35,1010.43,1015.51,984.78,3268.75,2973.53,2771.64,2933.87,2973.96,26720.68,21797.08,22309.77,21219.98,15612.17
200106,44.70,57.40,55.18,64.46,64.43,358.39,364.19,363.00,369.71,364.08,919.33,951.26,953.30,916.71,958.77,2873.99,2769.28,2661.93,2607.80,2901.68,24728.17,15690.85,25458.35,21439.09,14602.16
200107,41.76,49.52,57.90,62.80,64.03,349.20,356.81,363.17,357.93,368.05,973.93,939.10,908.39,943.58,923.27,2822.80,2791.20,2801.17,2629.40,2909.63,23017.28,18549.41,24558.01,20111.26,15443.89
200108,41.95,51.11,54.68,61.84,60.42,362.11,361.19,365.80,358.85,369.66,997.02,965.47,917.04,941.90,987.64,2966.20,2580.84,2780.37,2844.62,2950.29,22930.79,19981.15,25926.75,18066.73,14460.84
200109,40.90,51.96,57.22,60.30,60.23,352.23,359.78,356.92,360.47,369.14,1006.53,932.10,909.59,950.86,976.09,2812.86,2735.26,2339.24,2829.00,2904.86,21280.90,19691.45,28082.97,16885.85,12747.76
200110,34.51,47.67,51.95,53.43,55.19,318.52,332.15,316.15,321.57,328.77,938.47,871.38,809.27,861.19,881.81,2741.75,2437.59,2495.57,2629.51,2554.38,19787.61,18703.16,25201.21,15145.67,11543.54
200111,38.35,41.92,53.63,50.10,54.38,327.74,337.10,345.77,328.90,325.15,975.51,905.34,910.51,911.21,881.42,2870.47,2512.54,2484.55,2606.67,2734.66,18959.97,21681.64,15774.54,25408.62,11587.47
200112,40.43,46.22,55.95,48.18,57.82,346.44,333.05,360.89,355.80,346.39,995.59,935.60,935.29,934.96,937.41,2770.16,2618.35,2470.18,2781.68,2814.99,18401.14,19681.17,23018.92,21524.56,10577.30
200201,40.18,54.89,49.78,53.41,57.17,351.24,360.31,371.60,373.23,352.08,995.82,967.79,1024.51,951.29,996.78,2751.44,3104.85,2850.08,2853.58,2886.90,18404.39,22789.94,28552.85,15396.68,11249.59
200202,38.78,49.31,50.43,50.50,58.34,341.38,362.79,348.76,357.60,351.09,1023.63,923.31,872.36,943.94,967.38,2732.15,2635.20,2632.21,2513.38,3056.46,13080.68,24975.40,20278.13,22554.44,14959.63
200203,38.13,48.14,50.47,54.74,56.67,348.36,352.85,361.60,365.12,357.94,985.88,956.27,964.30,938.30,977.57,2756.37,2647.85,2473.31,2782.67,2960.20,14381.32,23467.84,17634.27,24594.81,17025.08
200204,39.94,49.31,54.21,61.50,61.08,380.10,375.45,380.72,396.78,364.75,1045.36,1042.60,1085.16,1031.65,1030.69,2895.11,2604.36,2709.65,2997.20,3277.62,19272.26,21291.65,25949.99,19360.81,16447.56
200205,38.52,52.17,55.13,63.00,62.34,384.93,374.73,383.56,400.95,373.37,1034.33,1080.70,1007.03,999.80,1022.97,2775.43,2780.87,2623.13,2931.88,2938.19,18592.84,25609.85,20602.25,19373.14,14044.14
200206,38.44,52.90,56.64,60.33,62.38,382.77,386.79,375.82,403.75,378.99,1060.50,1011.98,1044.89,990.60,1015.18,2743.48,2798.17,2695.75,2875.17,2963.49,17769.30,26233.41,17927.99,19884.66,13761.52
200207,35.58,51.40,52.11,61.72,61.70,366.08,370.61,387.00,383.46,361.79,983.75,952.57,1057.19,978.11,984.55,2777.61,2561.85,2750.50,2662.83,2690.85,19271.25,19731.78,22650.75,19243.37,10469.84
200208,31.74,42.81,49.21,55.89,56.93,333.57,318.67,324.78,354.77,316.09,919.86,893.04,843.18,875.67,822.45,2530.12,2543.78,2183.10,2471.72,2175.27,18362.24,18273.20,17417.64,19105.44,9610.11
200209,30.50,42.37,51.21,49.05,54.47,330.37,345.06,347.53,329.01,317.60,932.04,878.33,841.96,887.41,842.87,2550.68,2377.78,2228.67,2395.92,2347.97,12878.54,20711.75,21815.98,13867.63,9001.35
200210,25.29,39.38,41.98,49.25,49.67,275.45,301.52,269.54,296.09,283.18,769.58,764.61,738.50,729.31,755.87,1998.31,2058.54,1941.19,2063.95,2118.01,15907.43,18597.87,14899.21,9249.20,8452.22
200211,29.22,38.04,43.93,48.18,51.68,315.08,337.52,328.83,308.18,324.32,897.62,909.62,815.56,880.37,837.36,2522.37,2328.57,2317.30,2240.59,2411.89,16346.69,22179.49,16509.87,13886.18,8877.17
200212,32.70,42.31,46.33,49.80,52.45,326.98,335.62,346.89,323.26,336.35,899.87,923.45,893.41,920.70,863.76,2576.14,2661.13,2326.19,2440.01,2392.35,16437.45,20172.16,20224.73,15988.44,9240.27
200301,31.71,43.71,45.69,47.23,52.59,325.38,323.85,351.50,300.14,332.43,863.50,876.35,840.62,860.25,865.01,2489.88,2197.12,2409.47,2401.64,2278.40,18708.52,18146.21,21893.16,10507.37,8789.27
200302,30.86,39.71,43.27,45.17,52.50,322.17,329.47,309.42,302.89,325.24,839.78,854.16,793.97,850.36,848.80,2233.22,2358.37,2339.03,2156.06,2352.87,14386.47,19632.41,18539.72,10663.16,9455.86
200303,28.75,40.18,41.85,44.30,48.51,313.61,315.38,300.99,312.23,317.95,814.13,854.37,772.98,801.11,826.41,2296.48,2415.19,2121.67,2044.36,2347.00,14111.35,16746.27,19626.52,11530.04,7320.23
200304,28.85,36.80,41.88,43.36,48.19,320.24,310.19,292.64,300.89,320.00,837.38,808.50,809.29,796.42,823.24,2236.99,2249.26,1953.71,2127.06,2294.77,10736.20,18272.49,18585.10,15168.99,6283.61
200305,32.48,42.70,52.32,48.21,51.64,353.11,355.70,347.94,352.02,347.62,948.38,889.29,967.91,890.16,906.07,2617.46,2420.14,2296.02,2381.87,2392.29,13276.41,20579.92,22279.03,15568.18,7680.22
200306,33.79,53.49,48.43,52.53,56.46,377.58,384.75,377.81,362.86,360.72,981.15,986.74,1018.28,937.06,952.29,2679.02,2741.48,2435.39,2632.02,2469.33,12939.83,21805.91,23060.64,13852.87,17162.95
200307,34.68,49.79,51.95,56.56,55.74,383.43,394.88,374.97,381.85,356.82,978.49,1015.42,1010.62,937.54,974.43,2768.99,2597.46,2795.97,2565.22,2331.83,13384.90,25206.30,18500.88,13106.74,18122.28
200308,35.45,50.31,58.85,60.23,57.02,384.06,383.51,379.84,381.08,373.14,1024.29,977.88,972.98,965.28,983.08,2872.69,2744.46,2622.82,2528.29,2423.92,15222.51,22795.26,18307.59,16252.70,17269.53
200309,34.36,49.39,55.99,66.27,56.21,379.51,376.46,372.65,370.52,369.08,995.14,923.19,944.60,888.70,1024.82,2657.59,2812.53,2470.05,2426.29,2522.81,18761.66,20066.69,18576.75,14373.01,14260.41
200310,32.97,53.89,62.30,66.06,58.82,370.82,384.21,375.69,365.86,383.76,942.15,963.95,986.77,968.57,1005.94,2736.31,2685.56,2407.43,2489.12,2571.17,19454.54,17263.25,19117.76,15732.50,17840.13
200311,35.10,53.71,58.91,64.55,62.50,413.58,397.50,399.21,402.66,411.62,996.95,988.09,1017.57,1089.96,1062.14,3054.72,2961.68,2690.00,2587.84,2709.54,20680.76,23384.23,15862.52,12103.03,14662.58
200312,36.85,59.49,61.29,73.95,64.99,429.71,418.64,410.74,442.06,422.45,1146.02,1063.14,1055.65,1086.31,1115.96,3193.53,2951.01,2958.14,2683.82,2926.98,24833.46,19964.06,19609.79,14606.14,11030.53
200401,40.15,66.34,70.17,80.46,66.14,448.94,462.77,484.20,483.30,445.85,1158.40,1122.83,1175.70,1198.35,1192.80,3358.02,3348.51,2951.87,3145.23,3169.50,24893.93,24634.18,18176.87,20682.09,13449.04
200402,41.73,66.73,75.56,82.39,72.62,459.66,494.39,475.53,480.28,459.01,1179.74,1074.68,1187.13,1213.01,1222.66,3377.92,3314.75,3024.89,3222.72,3234.15,20630.70,27700.43,22541.63,17841.26,16022.08
200403,44.73,71.93,73.84,79.17,72.31,480.59,495.10,505.06,472.30,486.61,1253.80,1229.11,1196.00,1147.07,1286.94,3389.12,3182.37,3323.21,3253.59,3417.93,27289.59,21789.42,22483.29,19519.01,12590.96
200404,43.85,67.15,77.04,73.21,67.75,457.86,469.93,491.49,470.97,455.56,1210.43,1152.75,1166.20,1171.65,1187.35,3055.99,3176.26,3089.64,3038.88,3322.75,24976.34,21898.49,21319.70,16528.37,16438.42
200405,43.76,61.78,67.83,76.96,64.92,462.02,436.69,444.69,455.70,456.31,1134.48,1263.71,1134.02,1180.77,1133.25,3085.49,3134.80,3118.98,2948.72,3063.02,23994.83,18576.17,23871.95,16178.05,11565.34
200406,44.13,64.80,73.64,75.78,65.22,459.07,445.27,471.55,443.63,460.16,1189.89,1243.04,1161.21,1140.07,1129.00,3088.62,3197.26,3161.89,3049.01,3028.76,23021.09,21018.06,26118.41,16160.12,10775.63
200407,45.12,69.66,72.66,80.29,67.41,461.37,490.31,473.34,447.98,485.52,1256.30,1228.72,1193.47,1217.16,1171.04,2924.18,3185.21,3297.86,3114.03,3242.56,22624.55,21790.72,27059.58,15380.73,11676.07
200408,43.48,68.42,70.31,77.10,66.34,429.96,468.36,435.81,449.17,463.93,1189.36,1227.71,1146.84,1155.85,1160.51,2990.31,3124.23,3133.93,3061.99,2970.76,23118.52,22755.46,22884.53,15068.21,10532.01
200409,42.76,67.75,76.22,75.54,67.84,428.97,469.16,462.49,460.40,458.06,1189.97,1176.05,1208.80,1223.67,1193.37,3300.27,3165.11,2929.41,3301.92,2993.99,15890.36,29149.99,22955.36,18185.54,12652.56
200410,46.66,76.61,71.55,79.29,74.94,461.10,477.77,487.63,500.33,479.60,1250.60,1250.90,1245.28,1227.07,1246.48,3220.49,3345.54,3005.96,3121.23,3324.03,18152.03,28419.15,22509.35,22192.74,14587.21
200411,47.39,74.28,79.02,84.55,73.30,480.13,473.12,527.76,481.50,511.19,1249.72,1326.89,1340.45,1248.24,1250.27,3319.92,3359.83,3326.61,3353.97,3425.52,20786.65,26336.85,25741.07,20981.23,17113.32
200412,50.58,81.90,82.49,94.28,80.01,501.50,542.02,522.94,537.00,538.51,1376.04,1349.59,1379.19,1280.50,1404.68,3234.97,3573.04,3401.39,3695.38,3382.77,19925.92,32159.79,24562.69,22955.26,16974.49
200501,52.29,86.83,83.57,93.17,83.96,521.56,524.19,543.00,554.60,549.08,1389.95,1403.10,1335.01,1441.67,1377.32,3472.87,3844.29,3514.49,3535.85,3385.93,28957.30,27605.01,26523.63,18769.61,12804.09
200502,52.18,84.28,92.67,95.53,87.10,515.39,528.47,551.01,517.03,555.40,1415.76,1351.22,1304.28,1467.70,1370.01,3385.65,3765.64,3312.19,3480.32,3467.20,18401.77,32671.45,25100.46,20206.75,10922.79
200503,50.39,84.62,95.08,101.43,96.82,532.31,552.86,553.66,565.96,571.19,1400.80,1437.62,1403.17,1448.61,1467.85,3759.02,3677.24,3863.16,3541.19,3310.42,23699.13,29497.98,28795.98,17450.83,9913.79
200504,50.12,90.68,88.02,103.79,88.71,537.76,526.52,536.11,544.34,539.30,1394.95,1325.94,1347.04,1423.91,1391.63,3419.13,3521.15,3787.85,3434.14,3250.58,23354.51,29291.24,24876.02,19682.53,10698.92
200505,50.03,79.09,86.94,92.81,85.37,494.26,524.88,519.06,525.10,508.84,1333.12,1301.20,1307.58,1284.43,1394.10,3175.45,3416.30,3475.53,3348.77,3020.67,24277.15,27436.57,24577.99,16408.11,12635.23
200506,46.76,80.88,85.40,88.77,86.65,519.40,531.39,504.96,531.17,512.34,1317.60,1330.36,1336.50,1326.43,1398.05,3309.46,3590.85,3563.91,3423.10,3058.58,19665.95,28563.64,29141.01,17831.74,9107.93
200507,50.19,82.55,82.27,84.95,87.69,512.06,523.37,537.15,496.63,530.18,1277.04,1347.64,1357.32,1336.66,1467.73,3323.62,3569.54,3524.89,3523.99,3366.16,17378.65,25441.95,32291.02,21157.71,10618.06
200508,52.61,84.35,86.00,90.68,86.89,542.87,542.71,537.99,555.12,542.08,1301.46,1471.11,1422.61,1418.84,1517.65,3317.65,3875.64,3703.49,3291.49,3506.32,18897.01,29144.45,31452.89,15856.08,11488.87
200509,53.79,87.52,91.35,99.51,83.43,544.07,544.63,551.07,581.90,543.93,1380.66,1485.06,1358.55,1479.98,1503.62,3413.76,3892.25,3574.21,3656.51,3279.56,18678.37,29787.78,29309.41,18731.87,11319.68
200510,52.81,87.86,91.22,98.07,85.33,554.73,564.23,565.29,566.90,560.43,1361.55,1550.76,1470.67,1460.20,1541.85,3517.23,3711.75,3902.72,3781.92,3497.52,21136.27,30876.58,27547.19,17947.06,10752.75
200511,50.14,84.94,85.67,89.91,84.23,531.11,545.32,542.16,555.02,527.19,1356.54,1384.35,1427.82,1397.55,1442.36,3423.03,3645.59,3461.07,3506.83,3337.54,22991.05,24710.27,24993.05,21897.79,11339.02
200512,52.62,83.00,83.49,98.91,82.03,552.71,559.27,516.35,542.19,566.32,1436.77,1451.09,1495.64,1452.71,1513.35,3515.44,3656.49,3414.34,3802.41,3220.85,19890.59,21826.69,34173.04,18339.51,15170.61
200601,54.88,79.71,88.94,103.19,84.37,563.15,567.51,527.49,562.94,579.15,1509.34,1513.72,1540.74,1411.71,1561.02,3638.79,3492.31,3661.56,3809.02,3753.97,20448.22,22659.36,29568.97,22703.65,22302.85
200602,61.36,88.97,103.98,91.75,94.43,609.96,587.80,580.87,585.81,628.99,1541.02,1679.55,1501.18,1647.27,1646.01,4010.68,3735.11,3996.78,3930.84,3969.47,20067.20,22417.26,34982.74,24601.86,20158.44
200603,61.70,95.18,95.68,97.05,94.27,616.63,589.12,587.86,594.94,633.91,1609.08,1526.48,1595.15,1592.33,1683.72,3602.77,4200.82,3960.77,4040.59,3865.37,21321.66,26446.88,32342.34,23883.07,16991.31
200604,63.38,98.19,100.57,105.02,97.75,635.58,577.43,623.62,622.45,664.75,1625.34,1584.78,1642.46,1613.67,1716.70,3858.78,4092.78,4214.00,3992.34,4072.66,19832.52,37090.01,26680.10,24093.42,16634.65
200605,65.30,105.13,109.64,109.82,96.88,645.02,645.96,644.27,656.66,680.50,1589.43,1699.97,1611.26,1685.97,1768.63,3989.84,4411.41,4071.38,4365.83,4416.26,25971.40,33637.78,28408.81,22948.46,17113.81
200606,62.47,87.16,105.78,104.77,95.91,602.16,612.60,633.26,612.15,647.22,1574.85,1557.63,1541.54,1602.84,1702.69,3931.24,4589.59,3720.29,3927.28,4083.04,27695.47,31521.86,24616.07,22441.80,16468.23
200607,62.70,89.82,105.59,105.32,90.81,631.49,580.15,593.40,616.96,656.53,1628.87,1557.32,1610.65,1537.87,1690.48,3992.82,4008.80,4367.34,3817.90,4113.63,22801.29,33715.81,23914.30,26184.08,15645.74
200608,62.21,99.95,105.98,110.08,87.51,604.80,615.75,618.67,621.01,666.56,1633.75,1671.72,1531.72,1618.59,1722.04,3974.71,4250.07,4084.90,4124.48,4288.68,27763.25,33982.07,24290.44,26288.59,17814.14
200609,64.83,100.42,106.77,119.13,90.76,626.12,617.44,653.33,621.68,685.46,1678.00,1545.59,1675.76,1713.32,1771.69,3953.72,4145.66,4541.69,3924.08,4485.64,27299.64,30355.46,27913.76,26600.64,19375.79
200610,66.87,100.94,113.49,110.92,90.33,619.02,655.06,652.42,656.24,672.66,1670.75,1684.12,1622.07,1823.09,1820.30,4098.10,4208.65,4163.18,4456.59,4621.36,32477.80,27939.48,27148.01,28167.20,19488.87
200611,71.22,112.67,119.36,108.39,93.29,629.69,700.13,667.35,733.38,699.14,1685.86,1777.68,1772.68,1792.95,1869.47,3947.39,4738.39,4676.92,4359.09,4604.21,37794.72,30305.51,26143.87,25404.46,17163.12
200612,74.01,105.55,118.53,128.60,100.47,659.26,673.30,716.97,727.17,733.67,1707.93,1885.77,1911.57,1809.34,1829.94,4186.48,4464.12,4811.11,4603.57,4718.92,40374.71,30027.85,27811.16,24615.03,19572.95
200701,73.28,115.24,126.68,118.61,107.03,675.32,726.97,673.50,736.55,778.26,1777.90,1819.52,2001.68,1863.22,1938.71,4292.98,4743.10,4801.05,4675.52,5014.67,40235.02,34630.97,28354.74,19687.42,22242.96
200702,74.00,121.29,116.62,127.89,107.10,685.89,709.87,744.35,762.45,759.00,1749.97,1917.51,1875.69,1938.47,1873.21,4284.23,4466.21,5053.26,4524.57,4957.40,40076.83,33742.61,27961.03,23728.92,21911.01
200703,75.40,110.82,108.49,133.86,109.92,694.83,724.04,724.67,728.43,754.10,1737.94,1898.53,1861.09,1929.51,1846.38,4248.97,4575.61,4695.30,4740.88,4772.17,37093.79,35719.29,30638.82,20885.50,21303.45
200704,76.45,109.69,113.06,134.80,113.74,714.11,734.25,738.95,760.06,781.32,1759.68,1939.94,1957.00,2018.71,1963.61,4199.75,5119.57,4707.28,4880.41,4831.24,42291.67,30613.99,33770.86,25441.83,21316.09
200705,80.81,121.23,134.61,132.85,117.86,764.27,748.84,768.97,811.93,836.45,1810.22,1949.96,2083.18,2046.67,2094.58,4505.09,5206.38,5096.20,4807.74,5297.82,43467.29,41212.08,30233.76,25761.11,25082.26
200706,80.09,123.81,131.02,145.72,122.68,755.27,794.08,811.13,752.20,851.77,1784.23,1997.06,2113.31,2181.95,2088.64,4977.00,5252.45,5095.14,5020.66,5401.63,42495.66,41574.95,31264.93,27251.70,24231.72
200707,77.69,118.42,137.50,136.48,124.42,732.69,761.31,805.69,790.63,836.08,1845.17,1905.23,2037.99,2035.53,2015.33,4756.32,5122.10,5023.28,5219.34,5039.99,45750.95,34215.77,32785.54,31837.09,25720.53
200708,76.01,118.06,125.39,121.51,118.78,712.82,734.79,729.60,762.02,790.24,1758.38,1884.42,1999.96,1874.91,1857.67,4427.76,4997.68,5089.74,4664.40,4828.39,39083.35,41569.63,25689.54,28722.75,28328.36
200709,69.95,103.72,129.64,127.83,113.49,694.37,724.90,768.77,723.16,780.25,1777.35,1795.67,2042.69,1907.89,1842.92,4507.26,4728.73,4974.21,4671.03,4952.32,40034.76,35303.23,30223.28,29092.53,29135.89
200710,73.43,115.23,118.58,132.26,121.17,757.58,763.61,777.01,774.51,821.85,1867.71,1955.90,2006.24,2067.60,1982.08,4911.43,5479.24,5246.27,5067.85,5213.63,44745.73,29811.57,37651.23,35087.31,33739.24
200711,74.76,112.62,121.25,125.11,123.74,826.00,798.73,842.46,806.74,862.62,2083.03,1949.72,2257.23,2190.94,2029.71,5024.38,5492.93,5528.94,5235.94,6118.77,41481.06,30709.46,39457.56,36984.99,41143.45
200712,73.17,105.34,118.72,117.79,116.51,790.34,810.81,783.61,820.23,826.60,1936.87,1894.50,2099.57,2249.63,1992.15,5081.69,5411.69,5518.55,5505.94,5642.44,40231.25,34541.82,40667.60,34103.74,40873.48
200801,78.14,101.64,98.81,115.17,110.50,794.91,781.86,754.01,774.09,782.38,2002.61,1935.46,1984.99,2126.81,1904.04,5281.29,5515.60,5474.16,5754.86,5359.55,31025.68,40008.93,38652.86,33693.60,44382.59
200802,70.03,92.54,94.04,100.08,101.61,707.57,715.41,695.49,684.01,718.49,1799.06,1935.89,1767.28,1846.56,1812.52,4829.71,4703.14,5133.21,4837.96,4635.93,27161.66,32100.78,25812.97,43225.43,37626.87
200803,73.09,99.53,98.57,92.10,97.49,732.51,695.09,741.26,690.43,722.29,1840.11,1858.61,1826.65,1666.19,1786.21,4732.07,4772.29,5156.98,4741.08,4812.74,27112.05,31644.17,35918.25,31583.62,40326.34
200804,72.77,97.19,91.45,97.58,99.73,717.19,699.67,798.55,663.74,748.87,1983.82,1845.22,1913.11,1729.75,1826.94,4620.54,4786.21,5208.91,5482.85,4775.44,27259.31,31196.42,31681.10,36604.29,39776.49
200805,77.82,98.53,98.54,93.51,103.08,746.95,746.47,798.51,748.05,745.84,2045.38,2039.47,1944.43,1850.24,1897.16,5110.66,5140.27,5301.79,5354.18,5192.80,35186.18,26792.04,40367.10,35702.98,40414.57
200806,77.80,96.32,105.76,99.78,98.48,741.72,754.46,783.92,726.74,740.51,2006.19,1909.36,1948.13,1918.07,1834.42,5170.45,5619.26,4991.16,5489.13,5063.03,24482.88,30082.54,35188.49,46918.57,39178.09
200807,68.32,96.22,99.01,89.28,92.97,650.31,680.17,705.79,673.25,670.36,1771.03,1787.38,1737.79,1736.86,1744.04,4726.06,4766.05,4655.82,4442.17,4859.53,22953.47,28898.42,39311.09,30436.71,38955.55
200808,65.35,88.43,94.10,89.36,85.77,657.49,649.68,676.63,634.07,647.53,1765.85,1841.54,1753.36,1678.34,1721.71,4533.83,4703.47,4823.62,4579.79,4360.40,23390.58,26092.49,34104.70,40956.78,37470.59
200809,62.10,79.44,91.96,84.78,83.05,623.18,624.48,667.99,653.31,598.63,1736.33,1775.93,1717.58,1631.20,1599.90,4490.72,4498.24,4346.06,4856.75,4117.21,22008.45,20915.43,38280.24,38069.89,31826.74
200810,53.40,73.08,70.73,77.41,71.83,524.87,520.59,515.34,543.76,544.35,1450.07,1488.75,1464.59,1342.58,1382.21,3908.55,4082.45,3639.05,4113.09,3551.76,20355.30,23666.03,27490.95,37482.47,23903.31
200811,42.01,57.69,56.55,57.70,54.05,428.86,402.55,439.18,435.59,425.04,1132.42,1180.49,1121.58,1223.42,1161.22,3525.48,3193.02,3215.27,3248.70,3039.48,14643.94,17135.81,25268.31,27533.12,29533.79
200812,40.17,50.74,50.65,53.11,50.56,410.63,392.59,424.68,418.44,364.18,1148.80,1178.21,1083.14,1174.79,1083.54,3296.86,3130.57,3065.92,3258.76,2832.84,16849.87,15358.59,19218.45,27264.87,28709.57
200901,43.17,54.01,62.45,51.74,51.20,459.13,453.80,455.51,467.30,399.45,1243.72,1249.21,1275.99,1250.99,1266.15,3653.62,3334.12,3315.37,3898.38,2906.92,15302.05,16226.34,23399.27,32882.34,27446.71
200902,37.49,52.06,50.22,52.49,50.86,395.02,376.20,402.22,425.27,398.22,1094.10,1112.91,1099.43,1050.82,1098.98,3304.00,2654.75,2888.07,3330.57,2586.82,13559.02,12075.65,19138.82,27718.81,26448.15
200903,33.15,45.63,44.87,49.07,45.64,349.21,328.42,373.48,381.81,350.95,988.09,967.12,949.09,929.32,1028.47,2697.56,2503.30,2488.76,2614.22,2398.32,9633.19,13327.80,16615.43,27992.92,21428.72
200904,36.69,44.59,48.58,51.01,46.66,398.19,362.32,375.62,385.83,374.00,1045.87,1101.28,1047.63,1021.59,1147.96,2779.56,2775.57,2875.08,2953.52,2606.58,11774.30,14690.20,15876.67,33286.13,20245.71
200905,43.47,51.51,55.35,55.65,53.71,465.77,421.84,458.91,436.30,433.72,1189.80,1226.74,1209.81,1163.27,1251.52,3243.17,2957.19,3238.48,3015.65,2939.67,14132.33,20895.92,16469.96,28051.24,25901.68
200906,47.58,59.05,65.60,66.95,57.98,504.54,481.81,500.24,520.88,473.33,1311.56,1354.25,1315.71,1365.18,1378.37,3647.19,3311.55,3437.24,3509.89,3175.48,12442.82,26887.35,25647.47,24903.62,25560.89
200907,48.41,57.58,61.49,65.66,60.46,493.12,491.54,494.53,500.80,475.11,1293.55,1219.98,1249.37,1386.07,1345.69,3443.63,3236.12,3143.73,3167.79,3334.72,13650.29,24972.89,28601.35,23474.48,20105.01
200908,51.49,64.54,68.15,69.92,69.03,575.82,549.13,536.83,558.96,539.71,1500.47,1375.29,1562.22,1513.32,1503.61,4013.02,3781.53,3746.14,3660.98,3667.24,16203.11,30536.55,35621.40,24920.38,21795.49
200909,53.11,73.00,76.92,74.32,73.00,593.13,599.40,571.53,581.36,594.68,1545.50,1623.06,1594.31,1630.47,1529.32,3896.23,3901.07,3924.25,3604.25,3938.95,17346.21,26853.12,33783.85,32253.36,24115.51
200910,55.30,74.70,80.73,94.45,79.46,628.88,618.39,593.78,617.72,635.61,1668.78,1706.04,1674.05,1586.03,1608.34,4162.78,4066.23,3908.97,4074.61,3969.55,24105.16,28347.60,33633.60,34625.33,16640.91
200911,50.24,82.07,85.88,87.10,83.73,587.53,595.73,626.74,632.68,610.25,1632.12,1558.39,1607.62,1611.14,1536.38,3707.18,4257.08,3820.16,3997.99,3856.20,39760.40,26374.00,21315.20,25887.96,19884.00
200912,48.01,81.42,84.90,89.81,88.55,601.04,621.16,663.63,631.73,652.35,1669.72,1643.94,1713.12,1585.41,1671.35,4508.20,4221.82,4130.69,4232.67,4021.48,36749.08,30385.08,28453.65,22075.14,24444.39
201001,48.71,80.34,84.22,87.64,86.29,659.29,638.39,655.02,669.13,675.71,1810.79,1570.29,1751.56,1727.78,1724.99,4306.59,4712.52,4409.64,4321.39,3978.34,30233.08,35916.08,32511.16,23902.79,28236.66
201002,49.61,80.93,86.31,85.51,84.21,594.27,604.56,623.18,619.91,613.67,1589.82,1565.37,1591.48,1678.94,1561.08,3974.49,3978.39,3905.79,4071.44,3585.17,25770.61,38011.06,26096.65,19951.85,23246.12
201003,47.72,77.21,81.23,90.48,88.86,584.88,580.70,594.11,604.71,640.77,1511.04,1653.04,1578.63,1571.50,1594.07,3774.23,4111.80,3848.98,3945.77,3696.29,28229.52,38054.63,22825.38,19607.62,27464.92
201004,51.94,77.42,86.63,94.29,92.71,612.99,650.55,683.72,660.24,675.37,1675.33,1653.22,1753.16,1721.38,1691.85,4033.44,4238.97,4553.12,4394.21,3953.62,27845.48,36553.53,28622.77,26862.04,19584.40
201005,50.36,77.40,88.88,92.86,92.19,614.36,566.04,592.03,666.53,643.80,1589.64,1553.93,1664.99,1616.32,1587.86,4071.02,3975.36,4183.62,3901.85,3718.48,21628.71,36843.11,26846.73,27812.96,15785.47
201006,43.98,73.68,76.25,79.39,79.11,527.69,539.17,523.86,547.35,547.60,1412.43,1418.79,1391.59,1395.42,1426.00,3629.59,3386.92,3303.27,3554.88,3251.77,18796.82,30974.09,26454.02,22800.01,12300.78
201007,42.92,70.50,80.58,81.89,75.58,485.12,532.89,551.08,536.68,541.74,1440.20,1334.82,1392.20,1292.31,1422.38,3268.15,3475.32,3255.24,3604.04,3322.77,22280.02,28369.86,25238.13,25498.62,14074.04
201008,46.72,64.02,87.98,80.14,89.46,575.23,632.19,642.52,591.73,597.65,1555.35,1591.37,1517.29,1555.72,1643.80,3858.23,3918.68,3706.14,3718.22,3655.64,29463.45,28894.50,27560.57,23987.65,14939.16
201009,46.43,71.88,73.80,92.04,83.93,542.19,618.18,565.09,605.43,569.33,1430.07,1431.39,1574.16,1502.03,1547.30,3663.17,3700.57,3552.65,3659.36,3564.82,27899.79,31238.94,27589.15,23271.00,15431.61
201010,53.00,73.80,89.61,83.60,91.05,647.45,684.99,636.09,661.09,654.65,1581.43,1642.68,1722.22,1732.01,1741.98,4135.60,4066.92,4176.40,4034.55,4220.25,26244.49,33568.21,26749.11,29979.23,22355.03
201011,56.53,80.20,101.76,99.53,95.12,675.49,694.13,689.78,696.36,712.02,1673.98,1778.94,1827.54,1787.45,1842.36,4185.74,4373.52,4462.12,4496.28,4322.68,32243.83,34346.20,29262.79,27542.18,19447.59
201012,50.49,78.62,86.91,100.43,90.91,604.80,646.78,610.87,672.06,660.97,1551.46,1606.83,1637.66,1665.29,1657.53,4042.00,3815.07,4064.23,3878.13,4034.95,29657.93,29958.48,27874.55,25246.35,17021.99
201101,53.25,73.79,91.66,96.49,100.63,667.82,727.58,682.24,744.42,730.26,1782.33,1716.74,1832.85,1949.30,1755.69,4333.85,4263.05,4063.84,4294.60,4409.82,37068.09,26285.15,28551.83,32162.79,18538.10
201102,57.30,86.26,98.19,104.55,105.16,703.66,734.57,743.93,752.68,750.43,1803.73,1839.82,1940.75,1855.57,1813.96,4607.38,4655.81,4400.62,4458.84,4607.36,34187.63,33687.09,30552.30,29428.80,23842.39
201103,59.51,92.65,99.81,110.71,101.94,743.01,762.26,714.65,771.89,760.72,1771.35,1942.09,2038.21,1938.27,1855.78,4745.72,5015.66,4405.51,4583.56,4668.86,38949.17,36622.31,22999.97,31004.59,25093.06
201104,60.34,88.53,100.28,103.15,98.66,757.92,764.91,682.87,759.66,772.24,1809.21,1884.43,2000.57,2034.18,1827.94,4545.38,4804.41,4306.95,4716.13,4746.75,32269.12,33752.84,31286.07,28184.50,24548.57
201105,66.18,88.07,109.32,122.13,106.95,798.18,822.24,755.48,853.85,829.19,1971.73,2002.90,2258.77,2075.45,2015.32,5111.22,4846.90,4959.13,4963.18,5009.10,39246.63,28745.24,36657.73,31666.36,28018.05
201106,63.50,98.19,106.62,126.29,103.15,800.03,776.57,764.43,806.59,799.32,1873.70,2135.01,1955.60,2068.41,1992.75,4913.28,4722.70,5096.09,4856.83,4832.65,35086.29,35486.57,32528.03,29921.20,21472.95
201107,60.87,97.81,115.28,117.25,100.15,759.39,748.31,769.42,818.88,783.55,1882.28,1901.97,1936.62,1999.83,1941.22,4692.96,4564.43,5029.41,4893.13,4811.94,29993.48,39109.28,29511.45,30252.23,23699.51
201108,58.90,90.73,112.17,101.79,96.03,736.18,796.22,668.36,764.95,754.51,1880.32,1914.16,1866.22,1868.66,1795.04,4446.21,5216.78,4336.01,4364.71,4760.44,30817.11,31715.74,31981.73,34003.79,22143.61
201109,52.13,79.09,96.56,93.75,85.95,637.60,666.77,628.73,701.58,662.16,1605.37,1786.72,1719.69,1705.81,1710.49,3984.24,4370.00,3909.97,4112.83,4199.57,27586.66,21622.13,30917.14,35823.40,22787.53
201110,50.31,68.80,73.57,86.41,69.25,565.85,573.08,574.06,593.46,589.80,1446.38,1489.66,1573.65,1563.95,1483.02,3744.13,3738.60,3510.15,3766.26,3425.73,22275.94,25146.74,21635.01,30860.72,21765.71
201111,56.14,79.46,76.48,85.26,73.80,640.12,686.42,706.75,697.45,651.78,1747.55,1712.24,1689.39,1730.87,1757.33,4188.03,4331.17,3822.97,4538.43,4235.38,25890.30,26503.23,30248.72,31565.22,30567.37
201112,53.36,75.13,74.84,93.45,69.46,605.33,654.51,657.03,667.25,668.77,1600.18,1677.13,1686.53,1761.61,1718.93,3913.98,4126.24,3657.71,4269.56,4118.70,20922.35,27218.94,23562.09,35973.55,35083.16
201201,56.36,76.71,81.19,72.68,63.26,604.32,661.64,603.35,621.08,658.88,1484.71,1702.09,1633.27,1688.05,1701.83,3752.41,3784.09,4154.94,4024.73,4560.45,17162.72,26970.98,23437.37,33154.04,35765.50
201202,58.42,82.34,79.95,83.06,65.38,656.66,661.11,652.27,670.75,689.50,1639.44,1683.13,1743.40,1709.17,1860.74,4053.92,4160.68,4186.93,4153.97,4676.90,21020.23,30498.49,21262.18,27816.97,40543.44
201203,60.30,91.19,89.39,93.22,70.56,691.53,685.49,744.79,732.47,716.11,1709.76,1876.76,1802.85,1862.63,1846.31,4215.10,4165.46,4631.40,4620.20,4615.93,23124.66,29139.39,26961.42,34719.70,34023.28
201204,58.59,90.46,88.54,96.01,73.51,687.94,689.55,720.13,754.95,760.98,1799.23,1815.30,1786.06,1852.65,1909.26,4043.63,4348.20,4492.51,4825.27,4869.31,20653.14,27136.14,25515.42,36613.86,32873.16
201205,57.39,89.84,84.49,87.87,75.17,658.44,716.19,698.46,679.20,724.26,1742.11,1889.02,1727.28,1860.83,1835.94,4215.11,4261.19,4313.98,4495.12,4619.67,22571.64,24675.08,21978.89,39996.11,30440.06
201206,50.11,71.19,75.20,78.98,66.91,580.39,615.44,620.36,614.03,580.64,1554.27,1602.29,1493.19,1588.12,1590.98,3680.49,3813.55,3664.34,3956.02,3943.86,18535.83,19756.64,22759.76,33305.53,26024.14
201207,55.04,71.02,78.10,77.11,72.71,657.32,592.95,682.55,664.07,677.42,1725.27,1710.34,1600.00,1752.53,1734.67,4058.77,3619.58,4258.72,4048.86,4438.41,20880.76,22310.99,27129.62,37304.83,28445.41
201208,54.59,79.55,77.97,80.30,75.79,646.16,685.05,662.97,667.68,703.23,1709.11,1743.09,1608.31,1761.82,1829.75,4085.41,4256.43,3868.15,4202.75,4491.24,23041.02,21899.03,21999.80,38483.88,31207.65
201209,57.50,82.53,90.03,83.79,88.22,691.81,710.85,699.66,698.08,751.73,1766.13,1755.48,1768.67,1921.91,1773.44,3923.88,4235.26,4392.77,4715.35,4372.87,22009.85,21155.46,37138.90,27318.99,33364.88
201210,56.73,94.49,100.96,104.09,91.89,754.14,687.19,732.60,839.76,706.57,1754.47,1805.73,1924.53,1975.86,1803.15,3691.06,4806.94,4519.23,4657.07,4517.83,18863.11,27136.11,41627.33,30421.85,23713.09
201211,57.46,84.10,107.22,101.28,89.52,748.65,745.13,717.18,774.33,750.35,1905.82,1740.69,1818.66,1987.23,1911.03,4077.89,4347.29,4405.97,4894.67,4609.34,24363.46,31087.77,38376.15,27869.84,22518.31
201212,56.88,86.45,119.23,107.66,95.67,773.48,742.48,819.44,752.90,786.35,1996.51,1962.15,1851.77,2053.33,2009.42,4672.57,4500.96,4913.25,4768.12,4840.57,24299.03,39603.62,29762.97,33880.24,24978.99
201301,60.10,93.19,118.33,110.02,105.95,812.69,747.88,835.43,904.41,821.40,1977.52,2109.43,1979.59,2116.73,2029.54,4906.52,4711.28,5456.74,4726.63,4848.52,35117.84,34769.55,30047.57,31105.30,26611.93
201302,67.60,101.10,120.07,111.03,110.01,873.02,823.01,874.89,905.36,878.98,2203.91,2210.96,2113.91,2086.61,2237.78,5008.21,5407.07,5217.26,5193.54,4998.41,30183.19,36986.06,36986.99,32506.88,28199.48
201303,65.73,94.27,106.96,123.23,108.13,860.92,791.05,885.76,862.09,873.95,2089.54,2048.07,2135.97,2240.84,2048.71,5084.47,4957.46,5027.74,4799.17,4957.45,28160.41,33584.37,29944.00,41011.06,25719.40
201304,64.50,89.43,127.46,101.35,109.86,840.59,778.14,888.91,845.52,876.46,2142.26,1994.75,1985.83,2311.40,2069.96,5286.69,5026.23,5118.14,5250.59,4860.64,27043.52,36896.83,29958.71,42616.26,21173.14
201305,65.12,106.72,124.05,118.25,109.65,890.03,847.82,877.02,934.21,929.45,2152.08,2113.65,2262.85,2187.77,2203.06,5328.66,5416.01,5384.99,5495.48,5006.66,31733.79,37049.80,29824.15,41129.08,28839.39
201306,66.17,112.54,130.41,135.29,107.46,908.65,861.78,905.28,923.67,924.13,2109.25,2105.35,2199.51,2270.17,2290.61,5347.36,5584.69,5271.44,5121.44,5130.54,27239.54,40804.57,33507.98,34784.32,27895.75
201307,59.89,109.60,131.18,119.12,108.22,855.00,813.98,849.50,946.40,851.97,1975.40,2047.81,2109.46,2131.20,2105.35,5078.45,5035.89,5082.18,4664.15,5022.43,31696.03,37010.06,31280.98,31269.92,23050.70
201308,62.18,109.37,110.94,133.10,115.60,933.39,896.90,911.27,955.53,946.83,2250.56,2117.59,2231.62,2251.43,2265.39,5538.42,5358.37,5595.44,5677.93,5264.38,36367.78,37824.41,37636.62,27166.57,25349.40
201309,63.35,112.38,117.09,127.95,117.61,920.98,895.84,885.78,967.28,912.61,2198.95,2073.10,2102.04,2288.74,2215.58,5679.64,5078.01,5493.85,5240.68,5249.69,37336.98,38311.44,35629.18,26801.28,24568.23
201310,68.62,110.56,122.81,138.35,125.12,962.11,966.86,951.16,983.14,953.76,2267.60,2198.47,2232.39,2248.14,2440.01,5877.85,5474.57,5552.43,5601.94,5803.56,39040.63,43317.19,33584.78,29414.96,28077.01
201311,68.89,119.26,141.61,140.79,124.88,1026.09,998.46,986.47,1079.92,968.24,2252.22,2430.16,2524.56,2327.44,2595.40,5868.84,5961.29,5649.57,5988.95,6012.64,36302.75,46344.34,34248.18,31080.93,29932.59
201312,66.17,111.87,125.12,160.25,135.85,1024.98,997.20,1000.62,1045.07,1000.65,2296.92,2207.97,2676.22,2414.74,2520.26,5698.53,5701.82,5836.36,5940.64,6074.39,34866.48,43883.65,37742.40,33657.67,30042.53
201401,69.08,118.78,131.73,145.82,134.90,1035.78,1121.25,1067.92,982.99,1006.18,2376.20,2385.09,2693.20,2425.64,2584.99,5805.45,6507.97,6025.78,6487.51,5595.13,33552.08,49478.93,33612.38,34996.48,30587.00
201402,70.72,115.24,125.99,147.43,136.27,1020.88,966.85,987.89,988.91,944.80,2238.02,2256.84,2406.96,2383.30,2417.45,5645.66,5713.39,5946.41,6132.30,5478.22,33071.81,41998.43,40631.83,24978.98,32270.39
201403,70.22,119.17,131.55,135.07,143.53,1038.82,1110.15,1021.87,1062.14,1034.26,2379.44,2367.44,2573.47,2740.16,2563.37,5546.13,5899.58,6215.92,6149.68,6242.80,36168.78,42139.31,42297.41,29487.69,30368.92
201404,66.92,122.22,132.90,145.78,136.51,1012.33,1087.13,992.83,1032.58,1029.77,2313.27,2426.02,2536.21,2540.38,2510.15,5484.16,6521.37,5878.78,5882.19,6196.36,42748.55,40516.88,37095.88,28555.00,32456.11
201405,69.12,120.12,141.20,137.50,134.89,1027.02,1063.57,1050.34,1024.77,1035.55,2298.63,2504.23,2504.45,2520.67,2555.64,5928.00,6093.62,5882.24,5747.43,6557.95,41837.05,42162.21,34539.33,35596.10,29389.10
201406,69.25,115.37,124.85,153.55,133.80,1059.03,1067.65,1053.57,1005.75,1039.46,2261.94,2421.08,2500.00,2562.13,2619.07,6069.53,6132.35,6169.33,5988.85,5996.21,34211.79,45112.31,43264.71,32241.13,27907.16
201407,71.92,124.66,146.74,145.49,130.72,1055.24,1001.53,1006.70,1069.60,1001.89,2271.22,2386.86,2478.19,2593.14,2460.34,5932.08,5936.48,6303.38,5789.26,5855.47,34192.77,45815.83,42111.83,30617.53,30831.07
201408,63.73,121.03,121.85,133.35,125.53,994.69,1044.81,953.16,939.89,966.23,2141.35,2258.95,2257.40,2419.67,2406.83,5731.08,5747.67,5722.85,5449.22,5693.76,31247.96,37925.13,39841.34,40978.52,29693.62
201409,68.75,114.91,126.06,125.39,129.35,1011.02,970.64,929.72,959.31,993.63,2277.54,2234.90,2339.57,2402.40,2457.66,5549.85,5730.49,5874.63,5682.30,5912.52,28618.66,36634.14,52169.89,33706.50,28483.31
201410,67.38,104.16,116.08,138.25,121.08,967.10,915.50,868.13,925.40,943.64,2178.11,2196.61,2295.84,2390.41,2233.91,5443.61,5577.55,5647.97,5547.41,5964.79,26729.36,35059.62,46486.43,37567.76,29029.45
201411,71.47,94.14,102.54,128.94,111.75,954.66,903.38,958.81,892.64,916.00,2265.56,2119.32,2233.05,2333.78,2163.21,5619.45,5348.23,5508.33,5271.29,5720.71,24982.48,35998.71,35880.38,40124.71,33345.69
201412,75.17,97.02,118.73,130.05,108.95,976.81,893.32,974.53,925.26,954.04,2300.21,2103.23,2329.59,2324.25,2278.56,5871.02,5779.89,5451.18,5160.37,6022.05,26457.59,36513.52,40294.66,39908.82,32242.30
201501,71.82,94.33,120.18,134.77,103.45,911.66,905.92,893.55,961.60,942.95,2195.04,2129.21,2185.84,2320.08,2162.38,5306.81,5641.02,5180.36,5095.13,5534.56,27526.93,34297.09,39231.42,34556.94,30051.25
201502,76.39,97.19,117.72,132.54,103.27,927.26,919.91,913.86,949.05,950.01,2156.35,2129.48,2363.98,2343.69,2192.63,5377.39,5275.66,5409.54,5468.46,5442.46,27202.19,32279.74,38239.65,34645.18,34584.46
201503,80.45,118.06,110.46,125.47,118.59,1024.86,987.51,932.54,992.42,1034.50,2389.91,2271.67,2459.97,2294.42,2370.93,5569.57,5521.78,6087.74,5588.72,5740.70,30700.19,39403.72,37645.41,33981.18,35428.65
201504,79.96,109.86,126.16,141.51,119.17,961.63,943.16,966.43,1014.62,1005.61,2302.84,2178.02,2332.03,2378.35,2320.91,5511.55,5402.78,5484.91,5502.05,5832.01,28668.42,40146.02,32937.21,36354.77,34463.97
201505,79.75,125.90,142.27,145.22,124.29,1032.22,964.74,942.96,1095.99,985.30,2343.66,2306.76,2425.86,2467.49,2416.56,5655.49,5992.59,5578.63,6016.06,5668.55,34447.05,37739.64,38758.30,34809.82,31083.82
201506,80.20,113.81,138.05,142.47,122.05,1024.88,865.65,1003.49,1009.93,982.86,2387.27,2109.64,2360.62,2259.13,2427.95,5773.55,5817.81,5651.86,5671.49,5518.89,35169.85,31217.40,47238.25,32318.14,28727.47
201507,74.39,115.42,128.60,152.82,126.44,951.63,913.13,945.70,982.62,922.75,2165.20,2270.41,2076.01,2299.57,2334.37,5394.35,5670.67,5543.50,5293.96,5288.19,33999.86,30711.08,40425.80,32617.79,27857.05
201508,74.57,113.12,144.12,145.31,124.06,976.14,901.80,961.17,952.01,963.77,2187.16,2315.09,2214.12,2396.22,2382.59,5709.90,5661.39,5580.15,5745.60,5296.46,33829.02,36675.27,34286.35,40661.70,22873.83
201509,71.44,111.50,139.18,139.25,124.86,911.66,874.89,871.81,851.67,932.60,2015.44,2191.88,2065.14,2229.76,2119.58,5284.51,5380.59,5153.40,4974.72,5089.11,32151.60,29497.33,36931.80,32192.12,24515.66
201510,65.31,100.80,125.62,127.94,111.04,842.94,846.16,838.62,832.09,867.35,1911.19,2075.88,1969.98,1978.66,2184.66,4834.55,5305.50,4565.20,4867.99,4815.15,30748.11,36977.55,31675.89,28038.23,14152.39
201511,67.94,91.85,124.19,135.35,123.27,923.67,907.16,879.01,903.92,939.32,2154.73,2244.57,2147.73,2303.76,2306.81,5574.40,5141.24,5402.37,5231.97,5048.87,32996.29,37159.22,35897.59,29447.75,17078.24
201512,65.54,106.75,123.42,139.11,119.95,940.41,851.19,859.57,958.48,932.99,2176.81,2159.79,2184.64,2242.20,2304.28,5518.22,5173.15,5288.16,5091.07,5117.38,32037.94,35412.96,32332.71,31184.75,17600.61
201601,63.64,110.91,130.90,145.71,115.85,916.72,868.97,861.12,929.51,893.03,2005.53,2114.33,1978.29,2198.65,2262.28,5050.52,5062.07,5252.93,4724.94,4902.27,29225.40,36779.04,28062.09,30820.03,21501.69
201602,56.52,92.38,111.55,113.64,109.78,850.43,796.16,787.85,848.14,819.10,2031.27,1767.33,1867.40,1938.79,2083.09,4566.79,5044.76,4833.71,4979.05,4464.38,26633.33,34985.16,30233.36,24728.69,17842.26
201603,58.41,88.55,101.36,108.11,99.74,873.85,783.09,813.91,831.54,790.55,2005.78,1909.58,1802.94,1970.95,2018.05,4531.50,4700.14,4693.04,4940.57,4568.16,26117.06,30242.43,30151.68,30596.75,18090.56
201604,61.33,107.13,104.19,108.07,105.01,878.76,870.42,868.73,852.29,856.46,2174.60,1832.64,2048.74,1995.31,2053.95,4704.67,5009.32,4766.26,4991.81,4870.00,27792.14,31944.12,34504.45,27318.15,15581.58
201605,68.08,95.46,102.00,113.96,108.98,900.75,926.96,811.87,865.88,886.64,2225.24,2065.54,2029.48,1953.56,2107.43,4776.65,5124.35,5113.56,5184.27,4766.72,31355.64,32282.38,32634.88,27268.26,18300.53
201606,66.17,106.36,111.35,100.23,102.00,891.95,853.19,809.35,855.15,879.66,2098.08,2127.35,2057.38,1873.54,2094.03,4851.34,4578.24,5071.44,5158.65,4548.21,29790.24,31831.98,31483.62,28969.19,16926.14
201607,62.78,89.04,105.51,112.56,102.43,828.67,791.39,805.09,764.31,817.29,1970.84,1896.72,1893.06,1807.65,1996.03,4715.66,4611.88,4842.31,4882.68,4488.96,26781.85,33535.18,29650.98,29485.43,16530.44
201608,71.88,102.47,103.55,110.33,105.97,870.83,909.52,784.78,830.13,845.96,1964.85,2090.06,2037.12,1842.99,2154.90,5049.92,5085.38,4715.64,5142.73,4684.55,26472.65,26869.66,33650.14,38495.82,15159.86
201609,70.31,98.31,107.03,112.67,110.50,903.68,851.92,782.16,852.11,824.17,2058.88,2056.62,1899.37,1982.46,2069.55,4992.26,4984.66,4981.59,4670.75,4765.59,24801.61,30368.37,30392.35,37320.17,19403.99
201610,71.13,97.59,115.39,116.77,111.08,898.97,860.86,763.08,860.31,834.48,1970.42,2055.90,1859.59,2087.72,2025.67,4718.81,4913.80,4761.53,5056.52,4835.36,27838.91,28439.07,35237.09,31042.41,20648.29
201611,71.40,88.71,106.98,106.61,106.52,890.26,809.65,740.42,827.78,791.84,2004.65,2067.91,1836.12,1858.61,1998.00,4856.80,4664.91,4476.25,4641.13,4760.11,26471.66,29756.11,37938.58,26464.26,16977.53
201612,71.11,91.42,92.52,96.34,103.81,849.20,855.20,689.67,795.58,789.91,1885.36,1995.24,1781.79,1811.80,1939.14,4696.44,4428.70,4381.37,4393.70,4560.04,24618.72,29569.54,31550.99,29844.33,15604.03
201701,72.53,96.25,94.39,114.80,103.20,854.40,862.98,794.64,808.63,833.98,1976.77,2095.29,1836.43,2070.33,2039.10,4749.43,4794.63,4693.81,4585.78,4805.57,22483.95,31659.56,31032.07,28907.68,28663.02
201702,69.32,98.09,114.28,120.55,119.14,883.46,799.98,827.28,811.00,874.58,2074.01,1855.31,2047.33,2102.71,1964.45,4876.04,5079.88,4723.84,4708.20,4772.97,26889.86,30226.23,27927.43,32554.97,27732.53
201703,68.04,102.03,111.81,112.87,117.41,883.83,839.10,854.73,863.52,868.76,2109.65,1892.34,1988.78,2168.73,2105.86,5067.70,4724.07,4788.01,4764.03,4832.86,29062.26,28063.42,28357.95,31721.24,29376.70
201704,73.16,100.31,118.62,127.11,120.02,907.66,925.49,871.75,959.26,872.61,2220.03,1982.47,2195.23,2186.42,2059.05,5297.15,5006.55,5080.69,5179.29,4903.67,24058.83,27512.10,35591.71,36725.69,28223.58
201705,71.55,123.18,129.55,131.58,129.47,948.97,937.90,913.63,975.79,906.91,2198.53,2084.89,2325.61,2343.82,2172.31,5338.20,4920.17,5208.85,5282.12,5226.07,25537.45,26683.31,40750.72,30542.94,33110.37
201706,78.13,117.01,123.85,144.17,137.02,999.67,896.96,990.66,990.53,955.53,2265.13,2176.25,2353.97,2423.44,2304.11,5783.07,5162.02,5279.05,5693.74,5357.19,29361.38,33042.84,41889.55,27838.38,32231.60
201707,73.55,120.87,134.97,147.46,138.78,935.76,984.47,939.32,964.65,958.61,2122.60,2155.98,2255.88,2440.27,2325.77,5453.81,4994.53,5332.75,5339.09,5228.98,39068.53,34110.71,29067.90,32494.46,26507.63
201708,71.93,122.72,139.57,150.39,138.34,1032.00,977.96,951.90,1006.87,974.52,2332.90,2308.57,2322.52,2506.53,2436.51,5522.11,5335.14,5372.09,5717.39,5071.37,35292.32,38928.68,33363.13,24584.51,32847.76
201709,76.94,123.91,144.19,138.89,134.98,979.23,965.38,985.37,988.22,1000.63,2252.41,2309.36,2376.96,2558.43,2389.85,5618.54,5212.78,5537.01,5731.70,5112.04,36331.13,40452.71,33322.91,24827.50,30800.76
201710,77.50,134.30,146.80,150.07,136.49,1019.11,987.60,981.80,1023.49,1056.38,2401.79,2381.54,2422.57,2495.89,2545.44,6029.10,5253.66,5996.62,5668.43,5454.84,37212.95,45502.16,24587.03,31680.37,28760.76
201711,78.48,138.51,147.32,166.22,135.53,1019.87,1026.50,962.81,1009.41,1071.28,2376.55,2473.80,2479.07,2501.68,2511.97,5846.21,6074.19,5753.48,5727.39,5864.64,34579.94,43278.30,35815.45,31281.18,25658.98
201712,83.73,141.30,152.99,158.54,132.67,1033.50,1015.26,929.88,958.28,1075.38,2372.59,2493.31,2408.59,2629.40,2476.61,5723.14,6064.24,5506.75,6063.32,5560.73,31160.99,45378.85,37353.35,29813.24,25302.44
201801,86.17,134.02,154.43,137.92,134.75,1055.37,1012.25,891.10,1017.63,1110.25,2461.66,2343.18,2430.83,2695.42,2453.72,5953.30,5614.16,5828.75,5702.12,5798.08,41743.55,38531.81,35902.73,30899.88,20710.81
201802,93.45,133.06,179.66,163.60,136.72,1111.67,1066.12,963.18,1033.28,1127.67,2570.39,2485.02,2669.07,2663.16,2663.66,6281.59,6077.69,6128.26,6004.93,6013.81,36472.70,42552.23,37024.07,35192.51,21479.45
201803,89.72,134.20,142.73,167.14,127.27,1041.91,1017.32,977.51,1009.36,1044.87,2413.43,2228.89,2486.24,2615.89,2562.97,5659.24,5799.86,5964.24,5771.49,5528.36,36640.24,39745.53,34322.19,31008.28,23737.15
201804,89.32,128.13,131.17,159.58,119.57,1049.98,999.43,911.62,993.30,1009.93,2471.94,2175.24,2340.50,2588.93,2475.41,5692.59,5752.20,5932.41,5662.39,5654.86,41622.32,34104.23,36875.16,24927.40,24894.25
201805,92.35,128.46,135.29,145.69,124.25,1100.10,996.99,971.62,991.05,1040.64,2541.48,2349.27,2367.81,2591.97,2529.53,5852.07,5734.64,5784.40,6275.55,5632.99,38494.09,35932.77,34519.58,37866.41,23104.64
201806,90.48,113.25,125.50,153.38,118.09,1038.96,961.12,950.33,943.29,997.69,2480.17,2320.30,2287.92,2325.06,2393.37,5347.47,5730.03,5349.25,6233.65,5221.04,39751.76,31687.81,28773.11,30811.52,33028.72
201807,86.10,118.63,137.50,143.58,117.48,995.01,929.57,924.63,954.44,974.58,2396.72,2346.70,2249.20,2347.63,2350.84,5490.07,5464.19,5404.06,5792.55,5713.53,41753.65,30229.33,30451.86,26047.64,33298.65
201808,85.10,124.55,140.93,149.90,123.61,1035.03,972.45,988.14,980.51,995.30,2483.84,2519.97,2400.31,2451.93,2476.07,5921.36,5759.91,5769.90,5754.43,5958.96,35813.80,42340.56,29355.40,27563.79,34254.64
201809,89.29,123.29,133.93,141.82,119.90,1014.14,908.70,941.92,995.87,948.09,2416.81,2279.53,2393.83,2313.96,2347.24,5640.50,5561.93,5561.81,5494.66,5515.83,32502.97,38373.14,32414.18,24165.82,34789.63
201810,88.28,113.31,130.58,132.90,125.12,1007.32,968.90,906.55,970.08,969.61,2396.15,2444.05,2382.26,2229.63,2431.57,5552.49,5698.39,5914.04,5586.53,5809.69,33756.66,31062.36,38006.51,36874.73,27060.72
201811,79.99,123.11,111.53,115.23,112.33,914.81,917.52,841.39,906.64,881.92,2177.56,2283.88,2140.36,2157.50,2237.27,5531.39,4983.79,5313.51,5144.76,5139.55,30936.10,28749.44,30005.24,38636.64,25310.79
201812,80.82,114.89,115.47,108.85,102.35,883.75,927.97,865.08,843.84,868.76,2221.17,2132.89,2072.41,2047.62,2097.19,5028.34,5250.65,5351.92,5408.09,5097.49,28602.79,29679.17,27314.39,41360.20,26031.32
201901,75.98,118.24,107.98,107.00,95.90,846.77,877.55,861.76,784.33,802.21,2109.42,2080.74,2033.51,1995.59,1924.30,4897.42,5164.45,4790.93,5083.79,4910.00,27021.57,23738.35,25017.79,37637.08,31303.04
201902,77.40,131.96,126.29,112.82,98.22,932.77,919.92,884.18,844.09,875.46,2186.04,2406.65,2220.46,1820.78,2180.66,5122.44,5440.74,4863.99,5366.79,5654.04,27512.60,24793.72,26232.45,43675.73,31372.59
201903,81.72,125.39,125.39,113.53,104.64,912.08,983.44,919.98,851.66,911.49,2264.62,2382.25,2294.38,2069.19,2303.06,5504.12,5455.06,5044.65,5700.37,5596.50,29032.15,25821.13,27560.07,40973.77,36716.49
201904,82.76,130.46,123.65,128.30,104.49,939.54,982.38,878.80,841.51,914.41,2443.54,2287.45,2199.62,2232.07,2264.49,5601.29,5495.56,5214.02,5640.43,5547.13,29780.21,22924.56,31310.93,36279.65,42996.34
201905,87.55,127.01,127.25,121.04,108.24,1003.78,971.85,970.43,875.25,933.25,2493.15,2402.13,2326.65,2194.52,2439.11,5829.34,5545.53,5394.71,5692.50,5777.71,27232.01,31176.85,31497.69,36448.43,40357.91
201906,83.09,130.74,111.66,118.32,105.68,891.19,945.94,812.38,882.42,889.42,2280.42,2221.82,2071.09,2066.67,2370.59,5448.17,5175.85,4671.07,5042.98,5420.63,21139.14,26832.02,29401.63,36170.09,39027.28
201907,82.98,121.70,122.75,128.80,111.55,978.08,986.67,912.83,909.90,951.38,2483.70,2422.55,2467.31,2136.26,2441.31,5818.64,5694.77,5748.09,5508.07,5701.45,22775.71,31523.08,34033.93,36050.54,40339.85
201908,81.80,124.42,116.63,127.21,103.05,935.52,927.59,910.59,886.23,951.10,2362.26,2475.54,2174.25,2201.07,2359.40,5653.73,5523.90,5613.32,5792.21,5433.77,24832.83,30287.97,32147.33,32188.68,44029.87
201909,83.59,117.41,118.34,114.80,98.55,908.13,933.41,868.41,877.18,942.24,2330.09,2452.24,2168.16,2197.23,2350.35,5560.39,5283.43,5603.60,5184.46,5263.87,21783.75,26930.49,31447.21,39173.79,38550.91
201910,86.07,123.69,119.21,112.40,99.38,954.30,994.91,928.24,914.63,931.14,2518.33,2478.34,2530.83,2112.58,2397.68,5626.86,6286.21,5375.30,5535.97,5453.54,20202.87,37523.91,25965.45,37182.37,41678.36
201911,82.94,132.75,133.99,122.92,114.25,951.97,1013.83,979.20,919.48,1053.51,2520.22,2585.48,2494.35,2510.19,2359.25,5707.11,5983.57,5899.08,6212.74,5690.68,21377.93,36620.67,30530.30,38792.99,37985.69
201912,87.41,125.84,147.07,137.40,114.14,1014.23,1009.67,906.32,1024.74,1050.38,2624.96,2494.58,2450.59,2470.53,2569.81,6285.31,5173.05,6069.11,6397.91,5668.39,25567.39,37932.69,36667.81,36256.40,32498.95
202001,89.17,133.62,157.79,161.04,127.28,1036.97,973.83,1018.86,1099.24,1098.46,2637.83,2559.60,2580.53,2625.11,2648.63,5885.25,5878.03,6505.79,6073.99,5960.59,30007.55,34334.43,41430.91,36050.47,28450.18
202002,82.24,132.42,142.80,167.52,128.67,988.81,1003.58,919.51,1043.32,1049.59,2690.48,2434.63,2546.75,2456.70,2564.02,5986.39,5663.13,6284.97,6060.42,6091.32,27222.70,32815.22,34359.33,44532.12,30278.50
202003,74.35,104.11,125.53,140.73,118.62,914.64,960.64,886.60,936.00,914.94,2430.97,2413.07,2293.64,2303.81,2298.29,5366.25,4974.35,5299.19,5840.77,5478.03,30466.91,26439.23,31348.15,44712.16,23145.64
202004,63.15,87.34,100.45,110.54,101.23,800.69,814.83,845.75,722.01,797.17,1983.11,2035.65,1914.55,1902.61,1927.55,4872.60,4641.93,4966.10,5189.12,5031.97,27462.30,27236.74,28658.63,35766.68,23765.50
202005,77.25,97.14,96.59,99.23,94.39,845.55,833.76,809.55,801.14,841.02,2173.27,2195.12,2078.33,1882.52,1932.60,5100.54,5462.68,5068.78,4646.96,5283.55,25462.61,24914.82,27035.99,31219.87,35621.12
202006,77.97,109.93,97.96,121.70,100.13,863.23,903.85,858.02,903.85,906.17,2208.88,2266.90,2186.93,1996.31,2170.70,5419.34,5476.34,5092.74,5255.46,5935.23,27740.70,28251.25,26035.38,34864.84,33215.86
202007,79.72,114.79,105.22,119.40,106.56,913.59,924.43,845.96,829.56,948.31,2285.51,2404.47,2271.49,2106.90,2212.68,5712.61,5376.95,5228.20,5782.67,5922.31,27536.33,27421.85,33893.74,36463.68,33514.17
202008,86.47,101.66,108.63,134.67,109.68,935.93,894.75,881.18,892.54,981.18,2389.08,2347.88,2322.75,2253.41,2352.84,5894.84,5413.85,5369.58,6058.62,5771.95,28032.57,27505.92,37431.15,33894.54,35236.13
202009,87.51,104.40,114.29,130.54,126.87,940.05,960.57,924.28,999.22,1046.40,2355.87,2643.08,2284.27,2400.73,2513.82,6097.45,5471.41,5896.69,6009.06,6079.14,27080.46,38386.20,31312.79,42581.29,27113.52
202010,89.27,99.40,109.27,123.01,119.84,935.42,941.34,881.78,892.25,1004.21,2282.34,2438.64,2160.95,2505.94,2329.97,5889.70,5336.64,5498.23,5866.15,5722.73,27801.60,30382.02,36015.46,40043.26,26298.64
202011,85.99,96.32,102.47,114.97,110.16,882.74,890.54,815.41,869.67,916.14,2214.23,2202.82,2033.88,2313.33,2219.45,5670.77,5295.73,5543.09,5202.98,5523.15,26191.29,26443.49,37304.24,36432.39,24380.41
202012,103.67,113.69,111.29,129.39,118.51,1016.56,1034.79,998.16,964.69,1086.64,2522.41,2689.06,2461.03,2438.98,2540.08,6455.88,6428.48,5928.93,5997.49,6500.68,33654.41,34290.02,37523.09,42890.90,29409.49
202101,103.75,135.38,127.76,139.22,123.71,1028.85,1073.68,1073.13,964.54,1088.73,2527.87,2613.38,2641.40,2520.37,2717.08,6676.72,6039.26,6181.37,6478.90,6123.57,36574.95,34160.46,42787.33,40220.20,31235.82
202102,99.78,127.71,123.13,136.76,133.20,990.18,1022.48,1013.31,1018.94,1071.03,2516.60,2531.33,2572.28,2514.70,2608.60,6201.45,6296.50,5619.51,6135.06,6289.11,33284.89,40067.85,36126.84,35442.21,36530.56
202103,98.02,115.58,143.03,128.48,140.58,1002.52,1078.71,996.27,1024.70,1045.74,2600.24,2526.34,2495.33,2557.43,2597.15,6284.65,6190.50,6300.45,6271.58,5951.89,33654.67,42663.88,34729.47,33948.98,37045.68
202104,86.99,140.18,136.21,149.97,144.32,1014.56,1028.28,1095.44,1093.40,1057.73,2454.25,2569.89,2687.12,2681.81,2678.95,6561.53,6457.84,6431.22,6163.83,6136.05,49312.81,33212.75,31175.65,38023.30,35147.67
202105,89.31,137.70,160.17,173.51,152.03,1087.54,1013.90,1172.53,1177.43,1111.44,2460.82,2716.22,2851.52,2916.55,2721.44,7063.87,6467.36,6522.62,6365.96,6389.61,53297.63,36391.88,35465.34,35361.69,40489.75
202106,90.92,140.50,162.37,181.51,152.72,1092.90,1119.74,1166.56,1158.84,1162.48,2577.43,2793.45,3064.19,2927.72,2905.69,7215.61,6352.54,7088.42,6672.15,6565.08,54789.09,40083.16,35008.66,34514.54,46177.64
202107,85.63,134.89,158.78,167.18,153.96,1060.77,1065.58,1105.65,1147.45,1119.41,2475.04,2535.51,2866.12,2896.83,2847.77,7100.93,6450.59,6594.83,6803.14,6154.06,54536.74,35845.10,39436.52,41629.44,33279.60
202108,88.74,142.47,162.11,176.91,157.73,1119.67,1090.91,1250.65,1176.00,1114.39,2703.89,2654.51,2904.21,2894.89,2898.37,7430.44,6490.68,6807.93,6841.89,6519.41,49874.70,37971.65,41770.86,28887.16,50266.86
202109,95.27,148.37,171.71,164.92,163.23,1143.18,1149.53,1159.86,1197.32,1159.52,2747.79,2845.63,2764.80,2889.65,2994.96,6830.47,7540.89,7044.86,6488.67,6443.70,49739.06,41429.96,37521.55,37484.18,46554.73
202110,92.14,141.70,147.53,160.35,158.27,1078.73,980.66,1172.94,1141.43,1093.89,2545.37,2703.70,2768.33,2675.58,2779.44,6794.96,6684.04,6418.90,6526.12,6241.17,50710.94,31813.75,38208.07,38995.11,39588.50
202111,90.41,142.28,177.66,173.56,157.73,1165.91,1097.72,1190.71,1194.42,1157.78,2696.97,2824.39,2800.81,2853.76,2883.73,6515.26,7230.23,7292.45,6615.14,6260.83,43790.26,39707.80,34378.98,49001.00,42764.95
202112,92.56,142.59,146.57,163.21,141.64,1085.45,1058.36,1128.16,1129.69,1107.80,2756.86,2541.20,2764.24,2816.10,2706.36,7016.31,6637.01,6764.44,6063.86,6366.28,36606.39,28455.56,50252.61,41217.66,47385.58
202201,106.41,130.94,144.87,159.21,147.26,1132.69,1184.53,1119.56,1138.43,1182.29,2867.18,2649.29,2967.38,2910.82,2844.98,7017.13,6813.79,6848.65,6627.68,6802.64,37007.02,34249.26,49149.72,45545.48,47910.38
202202,92.80,138.60,152.82,150.45,151.61,1031.37,1012.46,1052.95,1064.18,1141.01,2690.61,2416.03,2675.75,2927.85,2646.34,6511.54,6436.31,6550.61,6501.36,6439.73,33171.93,33345.02,42518.90,51590.50,43087.99
202203,95.48,120.39,144.00,156.65,136.95,1042.42,988.37,1081.62,989.98,1096.11,2593.45,2438.84,2639.74,2549.95,2617.47,6156.08,6316.20,6655.68,6281.20,5994.11,28633.65,32101.32,28990.96,55379.69,48290.53
202204,95.40,131.47,136.57,146.85,135.57,1009.44,1051.02,1005.96,1024.91,1070.98,2544.33,2473.60,2382.65,2467.16,2496.80,6183.48,6243.74,6804.04,6087.10,5827.41,28161.52,30605.07,34263.45,45883.36,58494.51
202205,88.28,119.89,125.76,131.71,125.94,962.47,962.47,966.30,934.73,1002.67,2304.19,2568.07,2278.11,2232.13,2368.94,5819.82,6112.19,6012.11,5792.43,6023.51,23682.24,35102.44,33129.47,43563.79,50239.16
202206,88.17,118.55,132.28,133.83,117.51,1017.02,943.13,930.60,1021.46,988.70,2452.19,2427.55,2422.06,2224.58,2448.95,5964.02,5695.77,6383.83,5545.64,5921.82,26466.63,35483.49,41681.03,30381.28,56120.42
202207,80.16,115.28,107.86,115.79,116.99,895.87,845.70,827.33,863.20,882.59,2077.94,2244.02,2137.71,2024.45,2236.04,5540.65,5559.60,5404.49,5343.36,5436.84,25922.63,35029.85,36210.08,34008.27,42365.55
202208,82.93,112.61,118.03,117.53,117.47,990.23,894.12,909.23,895.33,962.08,2260.00,2347.93,2460.50,2226.08,2203.20,5902.65,5372.60,6055.32,5899.47,5494.16,24259.91,31975.69,40573.70,40363.60,46172.95
202209,80.61,102.96,107.52,116.05,113.95,895.70,787.68,861.51,844.85,889.08,2154.75,2077.58,2158.61,2117.44,2067.52,5156.39,5397.14,5181.66,5377.39,5365.07,23434.70,30084.92,29673.41,38058.78,48385.28
202210,69.05,98.71,96.66,103.08,104.32,796.48,762.56,757.02,751.68,843.85,1987.32,1908.50,2092.62,2063.37,1871.66,4951.83,5008.12,4492.96,5320.18,5037.80,20802.35,25245.67,25159.71,44287.51,46514.80
202211,77.51,105.40,103.82,100.65,104.46,855.67,833.45,801.69,860.35,899.86,2189.19,2202.41,2189.27,2184.47,2120.59,5106.49,5374.98,5323.39,5800.89,5334.34,18880.94,30935.92,28766.92,40452.40,52072.26
202212,85.67,116.12,124.12,115.25,119.10,997.61,964.92,917.22,940.99,1054.41,2570.10,2653.04,2352.04,2511.68,2331.87,5698.45,6518.33,5900.12,6335.63,6369.02,25538.02,36164.65,35038.71,46846.47,48116.80
202301,84.78,117.29,118.54,118.65,111.25,973.06,950.69,909.17,894.39,1066.71,2472.58,2553.49,2444.33,2478.88,2443.31,5627.08,6060.42,6315.77,5918.08,6191.36,20856.58,29041.22,42081.17,44298.00,48946.52
202302,85.61,134.79,132.05,132.90,128.34,1058.87,993.64,1076.42,1028.19,1131.14,2665.99,2529.04,2771.48,2964.37,2614.91,6245.30,7271.39,6294.63,6637.87,6569.92,20707.01,32588.43,42453.41,51070.78,55079.59
202303,86.10,125.55,136.79,139.92,128.40,1083.73,999.25,1016.02,1072.59,1130.20,2724.92,2521.66,2574.04,2750.87,2747.84,6257.11,6621.20,6214.87,6967.97,6727.12,21527.06,33986.17,39557.52,49088.38,54706.72
202304,90.09,129.84,131.59,142.90,135.41,1089.18,1066.05,1075.88,1116.73,1167.82,2745.02,2653.99,2770.34,2782.25,2847.77,6972.23,6580.36,7105.98,6331.67,6791.15,29678.19,42030.45,46289.44,43407.02,57229.32
202305,94.57,131.05,134.22,142.11,152.47,1145.62,1081.96,1177.49,1166.42,1220.16,2905.67,2822.09,2809.04,2796.40,2920.17,7063.80,7062.47,7208.80,6959.72,6872.34,32922.63,36950.94,44216.29,47172.19,63376.79
202306,91.73,127.39,121.07,148.19,133.93,1063.08,1055.05,1012.35,1117.49,1155.81,2612.02,2586.61,2772.26,2631.37,2804.08,6425.32,6546.09,6728.85,6318.47,7043.10,24779.90,34693.27,44525.13,47151.13,60372.40
202307,93.08,121.84,156.16,152.53,140.36,1085.34,1104.31,1065.85,1195.12,1192.82,2727.44,2805.50,2699.74,2909.35,2886.92,6948.22,6776.59,6657.19,7176.09,7040.59,33510.48,38304.54,48497.17,41063.08,64891.53
202308,91.08,138.34,148.75,146.91,144.38,1131.17,1127.70,1129.79,1234.43,1206.03,2890.79,2898.61,2797.29,3061.59,2981.95,7228.55,6872.86,7368.12,7106.33,7287.50,30575.92,39273.72,42043.61,55785.94,57095.54
202309,87.97,137.65,149.68,159.89,142.88,1043.81,1153.82,1144.28,1184.51,1173.20,2632.06,2812.15,2714.53,2933.17,2955.02,7100.92,6477.69,6785.65,6778.94,6974.25,32671.63,44248.76,36789.06,59579.24,42893.92
202310,82.08,136.01,147.40,155.08,137.42,1028.16,1056.95,1086.16,1020.14,1153.54,2533.73,2539.68,2733.13,2801.45,2921.00,6636.03,6775.06,6241.57,6355.91,6710.19,33268.96,41771.89,49128.11,38204.61,48219.78
202311,81.02,115.71,135.89,131.22,133.61,991.33,1027.76,991.79,1100.07,1103.71,2564.24,2637.91,2518.55,2786.67,2851.61,6700.70,6250.19,6544.74,6420.43,6534.82,30435.46,35682.05,47745.15,48492.34,43173.23
202312,88.13,126.55,127.39,135.05,141.25,1124.38,1188.87,1049.88,1114.66,1248.45,2772.74,2959.81,2884.64,2931.34,3099.95,7127.31,7002.01,7154.72,7174.99,7114.79,32738.36,45566.99,41050.83,53116.25,49079.09
202401,93.45,135.55,147.20,160.68,155.45,1165.60,1221.55,1212.50,1125.15,1338.32,2912.58,3005.11,2920.50,3147.49,3275.92,7101.23,7982.01,7128.80,7280.92,7272.89,31167.09,52702.07,40086.66,55168.87,51838.29
202402,91.09,142.75,144.54,152.99,152.62,1171.25,1197.83,1207.36,1213.11,1284.55,2862.19,3054.28,3079.47,2970.44,3125.96,7635.24,7760.18,7199.67,6941.01,7143.13,43643.67,44964.92,40410.66,56616.76,49579.05
202403,90.24,135.64,154.91,181.26,149.29,1246.59,1186.09,1202.86,1260.22,1340.79,3141.51,3020.44,3198.41,3038.73,3330.79,7635.76,8000.04,7738.60,7506.91,7455.46,32719.99,55861.26,39858.33,49243.11,65968.54
202404,93.43,142.50,159.48,169.43,159.80,1301.69,1237.98,1285.31,1411.29,1303.85,3156.12,3483.80,3176.40,3380.31,3407.53,7904.76,8135.32,8074.90,7127.93,8501.28,37199.39,58702.53,41111.65,57179.45,62187.05
202405,89.33,141.81,160.25,163.45,161.35,1235.14,1196.91,1303.35,1230.98,1286.20,3070.30,3209.91,2931.07,3334.63,3192.75,7814.58,7778.84,7885.44,7187.06,7660.31,36670.03,57577.37,43824.14,52765.72,56458.51
202406,94.83,150.99,166.57,178.81,169.11,1304.32,1241.80,1283.69,1378.41,1318.83,3170.87,2979.53,3298.78,3480.31,3326.33,7880.68,7410.63,7778.46,7799.77,7883.00,37192.81,51799.86,53239.82,56831.40,53378.04
202407,84.70,137.39,180.18,189.57,169.18,1239.26,1243.02,1226.83,1323.94,1246.59,3173.48,3018.62,3090.73,3232.50,3248.73,7514.93,7553.02,7473.35,7580.38,7486.40,46773.24,44544.91,50386.18,65796.12,46638.12
202408,89.51,131.67,158.67,186.31,175.50,1252.35,1293.77,1362.89,1269.66,1321.80,3223.55,3186.81,3132.25,3203.84,3316.20,8166.57,7437.57,7194.59,7858.49,7698.22,43336.01,46078.06,55873.92,44842.28,64303.58
202409,93.13,133.83,177.54,217.90,176.87,1316.62,1337.93,1366.53,1361.45,1371.02,3400.28,3197.00,3602.88,3208.30,3293.51,8072.12,8895.71,8416.65,7874.19,8089.34,46307.61,48166.72,59554.76,49687.37,60267.98
202410,90.89,152.97,190.43,203.62,182.67,1337.70,1342.80,1339.20,1443.93,1411.65,3395.44,3302.09,3645.30,3548.51,3293.55,8944.92,8313.86,8278.49,8077.11,8436.55,50165.42,48355.56,59076.70,45076.24,66269.84
202411,86.97,144.11,180.19,205.75,168.24,1250.25,1289.33,1272.39,1259.52,1322.37,3195.09,3282.82,3173.28,3424.97,3098.20,7836.46,7596.47,8620.57,8016.14,7750.26,56470.40,42568.90,60306.25,50768.14,48531.25
202412,80.46,134.22,166.12,179.59,163.21,1260.06,1223.27,1325.51,1399.61,1304.82,3111.69,3296.18,3319.74,3226.44,3237.69,7917.44,7961.85,7683.11,7868.83,8130.86,46432.76,46236.52,57316.48,54078.70,48705.78
202501,87.25,130.52,153.79,173.13,151.03,1231.56,1203.55,1263.80,1314.81,1231.55,2996.70,3249.15,3261.82,3165.37,3217.06,7381.28,8052.01,7137.55,8089.55,7538.51,47306.50,39766.28,59552.07,40519.62,61648.96
202502,87.15,136.65,160.00,191.73,169.00,1334.01,1361.16,1312.66,1345.54,1380.80,3375.31,3471.90,3190.34,3581.64,3600.86,8086.49,7920.14,8175.29,8994.24,8335.53,64096.66,43494.65,50543.89,61758.98,55798.13
202503,96.61,146.33,174.76,168.96,164.90,1440.98,1438.33,1330.77,1435.65,1416.78,3527.37,3455.52,3631.25,3568.12,3706.64,8767.38,8347.70,8717.31,9572.96,8663.13,66850.95,36745.22,59615.89,67791.85,56369.79
202504,100.17,147.06,171.24,154.45,144.34,1377.55,1409.20,1369.03,1408.92,1355.64,3464.37,3785.34,3359.25,3478.02,3611.99,8724.71,8209.57,9046.27,8541.91,9000.04,55560.39,46875.50,56981.15,63304.31,54357.46
202505,103.84,142.48,179.32,171.04,142.32,1414.93,1489.11,1488.52,1438.70,1425.81,3733.67,3603.25,3706.53,3696.62,3725.30,8742.05,9038.33,8817.26,9668.84,8817.29,50490.55,57118.98,54220.27,52482.05,67923.52
202506,117.20,142.43,175.69,174.41,146.15,1502.95,1477.99,1518.17,1430.37,1547.08,3898.52,3660.28,3918.56,3620.43,3704.69,9830.93,8462.63,9291.54,9962.08,9384.23,60834.75,53121.08,57572.55,56228.92,59413.20
202507,109.20,153.37,206.69,190.81,157.92,1494.88,1537.55,1466.05,1525.42,1554.77,3858.02,3937.14,3813.44,3607.80,3902.73,9591.63,9230.65,9688.25,9272.37,9794.33,64058.09,51433.31,55246.43,64319.30,52655.86
202508,110.17,148.95,176.53,199.42,153.07,1498.86,1505.25,1472.86,1404.55,1483.11,3783.32,3814.46,3647.38,3395.98,4075.54,9287.61,8811.21,9623.73,9300.77,9792.35,51871.37,64937.20,44212.17,65489.86,48636.11